{"type":"FeatureCollection","features":[{"type":"Feature","properties":{"admin_level":"10","border_type":"barangay","boundary":"administrative","name":"Bagong Pook","old_ref":"041013002","population":"2762","population:date":"2024-07-01","ref":"0401013002","type":"boundary","osm_id":17004091,"flood_prone":false,"risk_level":"very_low"},"geometry":{"type":"Polygon","coordinates":[[[120.6675165,14.0451382],[120.6688502,14.0327072],[120.6872177,14.0214167],[120.6871909,14.0249923],[120.6885052,14.0333037],[120.6869066,14.0414847],[120.6865847,14.0422211],[120.686515,14.0423018],[120.6863889,14.042333],[120.6861395,14.0423356],[120.686059,14.0423408],[120.6859946,14.0423642],[120.6857881,14.0425126],[120.685713,14.042523],[120.6856325,14.0424839],[120.6855467,14.0423226],[120.6854233,14.0422524],[120.6852436,14.0422055],[120.6850398,14.0421691],[120.6848332,14.0421561],[120.6842575,14.0423637],[120.6840286,14.0421222],[120.6829403,14.0414318],[120.6815954,14.0401104],[120.6806073,14.0394298],[120.680197,14.0393224],[120.6798823,14.0393474],[120.6794658,14.0399486],[120.6791779,14.0410006],[120.679027,14.0424944],[120.6785862,14.0433251],[120.6774605,14.04423],[120.676812,14.0450093],[120.6764061,14.0458186],[120.6764215,14.046955],[120.6763938,14.0479737],[120.6760362,14.0493912],[120.6757724,14.0500858],[120.675121,14.050326],[120.6750908,14.0503256],[120.6740254,14.0503099],[120.6729138,14.0497782],[120.6718988,14.0489887],[120.6710288,14.0479254],[120.6706582,14.0472487],[120.6703423,14.0466399],[120.6701126,14.0458491],[120.6697144,14.045302],[120.6688699,14.0451382],[120.6675165,14.0451382]]]}},{"type":"Feature","properties":{"admin_level":"10","border_type":"barangay","boundary":"administrative","name":"Malaruhatan","old_ref":"041013014","population":"4966","population:date":"2024-07-01","ref":"0401013014","type":"boundary","osm_id":17004160,"flood_prone":false,"risk_level":"very_low"},"geometry":{"type":"Polygon","coordinates":[[[120.6548034,14.0362499],[120.6547594,14.0391103],[120.6542489,14.0413346],[120.6525814,14.0428504],[120.6534998,14.0438332],[120.6546276,14.0448482],[120.6557392,14.0457021],[120.6569153,14.046556],[120.6579304,14.0471037],[120.658752,14.0474421],[120.6597026,14.0477482],[120.660927,14.0480382],[120.6620709,14.0481187],[120.6633759,14.0481349],[120.6646104,14.0479741],[120.6655304,14.0476928],[120.6665243,14.0474613],[120.6668882,14.0470232],[120.6671137,14.046121],[120.6671943,14.0453959],[120.6675165,14.0451382],[120.6688502,14.0327072],[120.6592,14.0357127],[120.6548034,14.0362499]]]}},{"type":"Feature","properties":{"admin_level":"10","border_type":"barangay","boundary":"administrative","name":"Bungahan","old_ref":"041013005","population":"6288","population:date":"2024-07-01","ref":"0401013005","type":"boundary","osm_id":17004161,"flood_prone":false,"risk_level":"very_low"},"geometry":{"type":"Polygon","coordinates":[[[120.6314939,14.0555574],[120.6335836,14.0546811],[120.6353025,14.0541755],[120.6371563,14.054007],[120.6387404,14.0541081],[120.6402142,14.0543392],[120.6421783,14.0546474],[120.643358,14.0546474],[120.6444028,14.0543777],[120.6454477,14.0536025],[120.645987,14.0529284],[120.646324,14.0522543],[120.6466274,14.0508724],[120.6468226,14.0496448],[120.6469981,14.0477333],[120.6471737,14.0458413],[120.6471342,14.0445775],[120.6472976,14.0433021],[120.6477622,14.042712],[120.6482342,14.042358],[120.6483896,14.0387392],[120.6484904,14.0363903],[120.6495173,14.0363101],[120.6499069,14.0347412],[120.6504499,14.0335044],[120.6538033,14.0331481],[120.6539336,14.0263291],[120.6537744,14.0263088],[120.6536557,14.0262858],[120.6535734,14.0262791],[120.6535158,14.0262755],[120.6533866,14.0263207],[120.6532749,14.0263411],[120.653075,14.0265091],[120.6529552,14.0265931],[120.6528086,14.0268128],[120.6526888,14.0268645],[120.6521226,14.0268645],[120.6518163,14.026871],[120.6512302,14.0269485],[120.6510703,14.0269808],[120.6508172,14.0270067],[120.650684,14.0270067],[120.650391,14.0269808],[120.6501046,14.0269485],[120.6498182,14.026871],[120.649665,14.0268257],[120.6495118,14.0267934],[120.6493719,14.0267611],[120.6482863,14.0266836],[120.6481531,14.0266577],[120.6477668,14.0265285],[120.6476336,14.0265091],[120.6475071,14.0264833],[120.6473672,14.0264833],[120.6472407,14.0264574],[120.6467678,14.0263928],[120.6466346,14.0263928],[120.646488,14.0264122],[120.6463482,14.0264251],[120.6460618,14.0264962],[120.6459419,14.0265414],[120.6456422,14.0265414],[120.6451826,14.026438],[120.6449162,14.0263928],[120.6446498,14.026367],[120.6443967,14.026367],[120.6442702,14.0263605],[120.6441436,14.0263411],[120.6438706,14.0262894],[120.6432711,14.0259534],[120.643018,14.0258242],[120.6428915,14.0257725],[120.6427716,14.0257273],[120.6422122,14.0255851],[120.6420923,14.0255399],[120.6412864,14.0252362],[120.6411398,14.0252297],[120.6410133,14.0251974],[120.6408601,14.0251392],[120.6407203,14.0251199],[120.6405937,14.0250617],[120.6404605,14.0250294],[120.640334,14.0249842],[120.6402074,14.024926],[120.6400809,14.0249195],[120.6399477,14.0249325],[120.6398344,14.0249906],[120.6396746,14.0251974],[120.6395614,14.0254365],[120.6395414,14.0255592],[120.6395547,14.0258565],[120.6395081,14.0259793],[120.6394748,14.0261085],[120.6394215,14.0262377],[120.6394348,14.0265479],[120.6394148,14.0266707],[120.6393749,14.0267999],[120.6393216,14.0269162],[120.6392017,14.0271488],[120.6390752,14.0273685],[120.6389952,14.0276205],[120.6389686,14.0277433],[120.6389753,14.0278855],[120.6390019,14.0280147],[120.6390752,14.028131],[120.6391751,14.0282344],[120.639295,14.0283248],[120.6393616,14.0284412],[120.639255,14.0287319],[120.6392284,14.0288741],[120.6391951,14.0291325],[120.6391951,14.0292682],[120.6391751,14.0293975],[120.6391684,14.0297916],[120.6391221,14.0301942],[120.638949,14.0303299],[120.6387558,14.0305108],[120.6386759,14.0306142],[120.6386159,14.0308791],[120.638556,14.0309954],[120.6384761,14.0310988],[120.638243,14.0312151],[120.6380298,14.0315124],[120.6379832,14.0316545],[120.6379832,14.0317902],[120.6380032,14.0319194],[120.6382296,14.0322619],[120.638243,14.032404],[120.6382256,14.0324498],[120.6381963,14.0325268],[120.6379566,14.0329985],[120.63789,14.0331019],[120.6375103,14.0337028],[120.6374371,14.0338062],[120.6373572,14.0339096],[120.6372639,14.034],[120.6371573,14.0340776],[120.6370441,14.0341422],[120.6369109,14.034181],[120.636771,14.0341616],[120.6366578,14.034097],[120.6365712,14.034],[120.6364913,14.0338902],[120.6363448,14.033664],[120.6362782,14.0335542],[120.636145,14.0333087],[120.6360584,14.0330502],[120.6359985,14.0329274],[120.6359252,14.0328176],[120.6356921,14.0326948],[120.6352925,14.0327013],[120.6351726,14.0327594],[120.6351326,14.0328822],[120.635066,14.032992],[120.6348929,14.0332182],[120.6346731,14.0335283],[120.6345998,14.0336511],[120.6345598,14.0337868],[120.6345532,14.0340453],[120.6346398,14.0343037],[120.6346398,14.0345686],[120.6345798,14.0346849],[120.6344799,14.0347754],[120.63436,14.0348206],[120.6336674,14.0348206],[120.6334343,14.0349046],[120.6333677,14.0350339],[120.6332811,14.0351243],[120.6332811,14.0353828],[120.6333344,14.0356929],[120.633321,14.0359578],[120.6332544,14.0360677],[120.6332011,14.0361905],[120.632968,14.0365265],[120.6326017,14.0367009],[120.6324685,14.0367268],[120.6320622,14.0367461],[120.6319557,14.0368108],[120.6317026,14.0368495],[120.6314295,14.0368366],[120.6312763,14.0368431],[120.632454,14.0468836],[120.6314939,14.0555574]]]}},{"type":"Feature","properties":{"admin_level":"10","border_type":"barangay","boundary":"administrative","name":"Prenza","old_ref":"041013021","population":"4273","population:date":"2024-07-01","ref":"0401013021","type":"boundary","osm_id":17362621,"flood_prone":false,"risk_level":"very_low"},"geometry":{"type":"Polygon","coordinates":[[[120.6371189,13.9971508],[120.6330672,14.0226531],[120.6296013,14.0323784],[120.6312763,14.0368431],[120.6314295,14.0368366],[120.6317026,14.0368495],[120.6319557,14.0368108],[120.6320622,14.0367461],[120.6324685,14.0367268],[120.6326017,14.0367009],[120.632968,14.0365265],[120.6332011,14.0361905],[120.6332544,14.0360677],[120.633321,14.0359578],[120.6333344,14.0356929],[120.6332811,14.0353828],[120.6332811,14.0351243],[120.6333677,14.0350339],[120.6334343,14.0349046],[120.6336674,14.0348206],[120.63436,14.0348206],[120.6344799,14.0347754],[120.6345798,14.0346849],[120.6346398,14.0345686],[120.6346398,14.0343037],[120.6345532,14.0340453],[120.6345598,14.0337868],[120.6345998,14.0336511],[120.6346731,14.0335283],[120.6348929,14.0332182],[120.635066,14.032992],[120.6351326,14.0328822],[120.6351726,14.0327594],[120.6352925,14.0327013],[120.6356921,14.0326948],[120.6359252,14.0328176],[120.6359985,14.0329274],[120.6360584,14.0330502],[120.636145,14.0333087],[120.6362782,14.0335542],[120.6363448,14.033664],[120.6364913,14.0338902],[120.6365712,14.034],[120.6366578,14.034097],[120.636771,14.0341616],[120.6369109,14.034181],[120.6370441,14.0341422],[120.6371573,14.0340776],[120.6372639,14.034],[120.6373572,14.0339096],[120.6374371,14.0338062],[120.6375103,14.0337028],[120.63789,14.0331019],[120.6379566,14.0329985],[120.6381963,14.0325268],[120.6382256,14.0324498],[120.638243,14.032404],[120.6382296,14.0322619],[120.6380032,14.0319194],[120.6379832,14.0317902],[120.6379832,14.0316545],[120.6380298,14.0315124],[120.638243,14.0312151],[120.6384761,14.0310988],[120.638556,14.0309954],[120.6386159,14.0308791],[120.6386759,14.0306142],[120.6387558,14.0305108],[120.638949,14.0303299],[120.6391221,14.0301942],[120.6391684,14.0297916],[120.6391751,14.0293975],[120.6391951,14.0292682],[120.6391951,14.0291325],[120.6392284,14.0288741],[120.639255,14.0287319],[120.6393616,14.0284412],[120.639295,14.0283248],[120.6391751,14.0282344],[120.6390752,14.028131],[120.6390019,14.0280147],[120.6389753,14.0278855],[120.6389686,14.0277433],[120.6389952,14.0276205],[120.6390752,14.0273685],[120.6392017,14.0271488],[120.6393216,14.0269162],[120.6393749,14.0267999],[120.6394148,14.0266707],[120.6394348,14.0265479],[120.6394215,14.0262377],[120.6394748,14.0261085],[120.6395081,14.0259793],[120.6395547,14.0258565],[120.6395414,14.0255592],[120.6395614,14.0254365],[120.6396746,14.0251974],[120.6398344,14.0249906],[120.6399477,14.0249325],[120.6400809,14.0249195],[120.6402074,14.024926],[120.640334,14.0249842],[120.6404605,14.0250294],[120.6405937,14.0250617],[120.6407203,14.0251199],[120.6408601,14.0251392],[120.6410133,14.0251974],[120.6411398,14.0252297],[120.6412864,14.0252362],[120.6420923,14.0255399],[120.6422122,14.0255851],[120.6427716,14.0257273],[120.6428915,14.0257725],[120.643018,14.0258242],[120.6432711,14.0259534],[120.6438706,14.0262894],[120.6441436,14.0263411],[120.6442702,14.0263605],[120.6443967,14.026367],[120.6446498,14.026367],[120.6449162,14.0263928],[120.6451826,14.026438],[120.6456422,14.0265414],[120.6459419,14.0265414],[120.6460618,14.0264962],[120.6463482,14.0264251],[120.646488,14.0264122],[120.6466346,14.0263928],[120.6467678,14.0263928],[120.6472407,14.0264574],[120.6473672,14.0264833],[120.6475071,14.0264833],[120.6476336,14.0265091],[120.6477668,14.0265285],[120.6481531,14.0266577],[120.6482863,14.0266836],[120.6493719,14.0267611],[120.6495118,14.0267934],[120.649665,14.0268257],[120.6498182,14.026871],[120.6501046,14.0269485],[120.650391,14.0269808],[120.650684,14.0270067],[120.6508172,14.0270067],[120.6510703,14.0269808],[120.6512302,14.0269485],[120.6518163,14.026871],[120.6521226,14.0268645],[120.6526888,14.0268645],[120.6528086,14.0268128],[120.6529552,14.0265931],[120.653075,14.0265091],[120.6532749,14.0263411],[120.6533866,14.0263207],[120.6535158,14.0262755],[120.6535734,14.0262791],[120.6536557,14.0262858],[120.6537744,14.0263088],[120.6539336,14.0263291],[120.6541012,14.0263505],[120.6543176,14.0262948],[120.6546002,14.026115],[120.6547002,14.026031],[120.6547867,14.025934],[120.6548667,14.0258242],[120.6549865,14.0255786],[120.6550864,14.0253266],[120.6551464,14.0252103],[120.6552263,14.0251005],[120.6552863,14.0249842],[120.6553728,14.0248808],[120.6555393,14.0247645],[120.6556592,14.0247192],[120.6557791,14.0246417],[120.6559057,14.0245965],[120.6560255,14.0245383],[120.6561321,14.0244543],[120.6562054,14.0243509],[120.6563119,14.0241054],[120.6563519,14.0239826],[120.6563719,14.023485],[120.6563985,14.0232266],[120.6562853,14.0229746],[120.656252,14.0228324],[120.6562254,14.0226967],[120.656212,14.0225675],[120.656212,14.0223025],[120.6562187,14.0221733],[120.6562587,14.0220505],[120.6564185,14.0217468],[120.6565983,14.0215594],[120.6566183,14.0214302],[120.6566183,14.021288],[120.6565917,14.0211652],[120.6565917,14.0210425],[120.6566383,14.0209132],[120.6567049,14.0207969],[120.6567382,14.0206677],[120.6566583,14.0205578],[120.6565917,14.0204351],[120.6563186,14.0203123],[120.6562254,14.020196],[120.6559323,14.0196919],[120.6559456,14.0193042],[120.655939,14.0190393],[120.6558524,14.0186516],[120.6557991,14.0185159],[120.655586,14.018154],[120.6553928,14.0179278],[120.6553462,14.0177921],[120.6553462,14.0176629],[120.6553995,14.0175466],[120.6555393,14.0173333],[120.6556392,14.0172429],[120.6557791,14.0172106],[120.6559123,14.0172623],[120.6560255,14.0173398],[120.6562587,14.0174626],[120.6563719,14.0175401],[120.6565051,14.0176047],[120.6566116,14.0176952],[120.6567449,14.0176823],[120.6567981,14.0175724],[120.6568181,14.0174432],[120.6568115,14.0172558],[120.6567049,14.0171589],[120.6565717,14.0171007],[120.6565051,14.0169844],[120.656585,14.0168358],[120.6567116,14.0168164],[120.6569846,14.0167324],[120.6570645,14.016629],[120.6570512,14.0164998],[120.6569513,14.0164093],[120.6568381,14.0163253],[120.6567715,14.0162025],[120.6567315,14.0160733],[120.6567116,14.015944],[120.6567249,14.0158083],[120.6567848,14.015692],[120.6570379,14.0153689],[120.6572577,14.0152074],[120.6572644,14.0150781],[120.6572177,14.0149489],[120.6571578,14.0146969],[120.6571578,14.0145612],[120.6571178,14.0142122],[120.6571178,14.0140765],[120.6570978,14.0139667],[120.6570312,14.0138439],[120.6569114,14.0137663],[120.6568448,14.0136565],[120.6567848,14.0135143],[120.6567582,14.0133786],[120.6568115,14.0132429],[120.6568847,14.0129909],[120.6569513,14.0126032],[120.6569447,14.012196],[120.6569114,14.0120603],[120.6567515,14.0120086],[120.6566116,14.012028],[120.6564718,14.0120797],[120.6563319,14.0121056],[120.6561854,14.0121314],[120.6557392,14.0121314],[120.6555726,14.0121185],[120.6554328,14.0120345],[120.6553196,14.0119505],[120.655193,14.0117179],[120.6551464,14.0115886],[120.6551131,14.0113172],[120.6551131,14.0111815],[120.6551264,14.0110523],[120.6551197,14.0107873],[120.6551664,14.0106516],[120.6554061,14.0105224],[120.6556659,14.0103996],[120.6557991,14.0103543],[120.6560255,14.0102186],[120.6561055,14.0101152],[120.6561188,14.0099925],[120.6560522,14.0098632],[120.6559123,14.0098115],[120.6558058,14.0097275],[120.6557258,14.0096177],[120.6557591,14.0094884],[120.6558324,14.0093786],[120.655899,14.0091136],[120.6570703,14.0064776],[120.6595879,14.0039246],[120.6581474,13.9986811],[120.6371189,13.9971508]]]}},{"type":"Feature","properties":{"admin_level":"10","border_type":"barangay","boundary":"administrative","name":"Humayingan","old_ref":"041013008","population":"1729","population:date":"2024-07-01","ref":"0401013008","type":"boundary","osm_id":17362622,"flood_prone":false,"risk_level":"very_low"},"geometry":{"type":"Polygon","coordinates":[[[120.6581474,13.9986811],[120.6556845,13.9868928],[120.6709098,13.9794223],[120.6816816,13.9927065],[120.684793,14.0043763],[120.682967,14.0025766],[120.6809341,14.0007392],[120.6786784,13.9995503],[120.6769239,13.9988748],[120.6749746,13.9985775],[120.6733037,13.9986586],[120.6712151,13.9993611],[120.6696556,13.9999016],[120.6595879,14.0039246],[120.6581474,13.9986811]]]}},{"type":"Feature","properties":{"admin_level":"10","alt_name":"Puting-Kahoy","border_type":"barangay","boundary":"administrative","name":"Puting Kahoy","old_ref":"041013022","population":"2870","population:date":"2024-07-01","ref":"0401013022","type":"boundary","osm_id":17362623,"flood_prone":false,"risk_level":"very_low"},"geometry":{"type":"Polygon","coordinates":[[[120.6556845,13.9868928],[120.6487531,13.9686548],[120.6487523,13.9686529],[120.637099,13.977524],[120.6371189,13.9971508],[120.6581474,13.9986811],[120.6556845,13.9868928]]]}},{"type":"Feature","properties":{"admin_level":"10","border_type":"barangay","boundary":"administrative","name":"Cumba","old_ref":"041013007","population":"1587","population:date":"2024-07-01","ref":"0401013007","type":"boundary","osm_id":17362624,"flood_prone":false,"risk_level":"very_low"},"geometry":{"type":"Polygon","coordinates":[[[120.6709098,13.9794223],[120.6556845,13.9868928],[120.6487531,13.9686548],[120.6533348,13.9652573],[120.6562846,13.9648605],[120.6575989,13.964237],[120.6585637,13.9636459],[120.6592116,13.9628475],[120.6596744,13.9619992],[120.6604385,13.96064],[120.6624984,13.9652628],[120.6715965,13.9748414],[120.6709098,13.9794223]]]}},{"type":"Feature","properties":{"admin_level":"10","border_type":"barangay","boundary":"administrative","name":"Lumaniag","old_ref":"041013012","population":"2524","population:date":"2024-07-01","ref":"0401013012","type":"boundary","osm_id":17362625,"flood_prone":false,"risk_level":"very_low"},"geometry":{"type":"Polygon","coordinates":[[[120.6296013,14.0323784],[120.628489,14.0304009],[120.6275264,14.0287934],[120.6264849,14.0275992],[120.62497,14.0264663],[120.622524,14.0258386],[120.6195281,14.0254971],[120.6195107,14.025099],[120.6194517,14.0246253],[120.6193551,14.024183],[120.6192505,14.0237809],[120.6191835,14.0237171],[120.6191137,14.0236898],[120.618986,14.0236674],[120.6188817,14.0236579],[120.6187885,14.0236514],[120.6186524,14.0236508],[120.6185357,14.0236456],[120.6184432,14.0235994],[120.6183989,14.0235604],[120.6183869,14.023479],[120.6183909,14.0234075],[120.6184351,14.0233372],[120.6185089,14.023319],[120.6186464,14.0233099],[120.6187295,14.0233053],[120.618867,14.0233034],[120.6189682,14.0232839],[120.6190366,14.0232344],[120.6190641,14.0231804],[120.6190735,14.0230946],[120.6190762,14.0229091],[120.619044,14.0226593],[120.6189823,14.0221532],[120.6188536,14.0215312],[120.6186336,14.0207037],[120.6185921,14.0205918],[120.6185552,14.0205573],[120.6185022,14.0205463],[120.6183433,14.0205742],[120.6183071,14.0205755],[120.6182816,14.0205619],[120.6181911,14.020478],[120.6181046,14.0204077],[120.6180288,14.0203293],[120.6180221,14.0203143],[120.6180234,14.020299],[120.6181716,14.0201188],[120.6182407,14.0200759],[120.618301,14.0200765],[120.6185625,14.0202223],[120.6187919,14.0203108],[120.6189381,14.0203147],[120.6190601,14.020273],[120.6192452,14.0200922],[120.619386,14.0198632],[120.619445,14.0196641],[120.6194852,14.0194676],[120.6195134,14.0192646],[120.619555,14.0190799],[120.6196006,14.0189367],[120.6196488,14.0187494],[120.6196944,14.0185997],[120.6197347,14.0184631],[120.6198058,14.018294],[120.6198809,14.0180871],[120.619913,14.0179479],[120.6199251,14.0178112],[120.6199157,14.0176408],[120.6198607,14.0173844],[120.6197414,14.0171632],[120.6195885,14.0169616],[120.6192774,14.0167013],[120.6188107,14.016255],[120.61869,14.0161744],[120.6185277,14.0161041],[120.6181857,14.0160546],[120.6180462,14.0160169],[120.617943,14.0159545],[120.6178504,14.0158673],[120.6177498,14.0157228],[120.6176399,14.0156148],[120.6175219,14.0155303],[120.6174199,14.0154808],[120.6172255,14.015421],[120.6170551,14.0153312],[120.6169626,14.0152258],[120.6168795,14.0150892],[120.6167641,14.0146806],[120.6164932,14.0142005],[120.6163055,14.0138752],[120.6160533,14.0136279],[120.6159246,14.013438],[120.615816,14.013222],[120.6156617,14.0129539],[120.6155464,14.0126872],[120.6155357,14.0125805],[120.6155518,14.0124816],[120.6156363,14.0123424],[120.615828,14.012155],[120.6160882,14.0119468],[120.6163698,14.011749],[120.6165415,14.0115694],[120.6166676,14.0113248],[120.6167158,14.0110568],[120.6167226,14.0106313],[120.6167132,14.0097972],[120.6167145,14.009658],[120.6167547,14.0094992],[120.6168433,14.0093418],[120.6171611,14.0089618],[120.6172389,14.0088096],[120.6173703,14.0084517],[120.617601,14.0077465],[120.6178088,14.0073106],[120.6179725,14.0071219],[120.6181991,14.0069371],[120.6187248,14.0066437],[120.6187617,14.0066398],[120.6188697,14.0066665],[120.6189045,14.0066678],[120.6191298,14.0065207],[120.6194141,14.0062058],[120.6195952,14.0060119],[120.6196703,14.005995],[120.6197548,14.0060184],[120.6198125,14.0060705],[120.6198527,14.00628],[120.619913,14.0063672],[120.6199855,14.0064231],[120.6204388,14.0065585],[120.6208143,14.0066808],[120.6210235,14.0067237],[120.6211455,14.0067263],[120.6212273,14.0067107],[120.6213266,14.0066574],[120.6214151,14.0064817],[120.6214915,14.0063893],[120.6216149,14.0063047],[120.6219891,14.0061382],[120.6223793,14.006008],[120.6227642,14.0059326],[120.6229399,14.0058818],[120.6231008,14.005805],[120.6234603,14.0055591],[120.624108,14.0051336],[120.6245399,14.0048213],[120.6249019,14.0045936],[120.6252024,14.0043763],[120.6255162,14.0041199],[120.6258126,14.003913],[120.625897,14.0038727],[120.625999,14.0038415],[120.6261317,14.0037933],[120.6262511,14.003727],[120.6263705,14.0036229],[120.626522,14.0033938],[120.6266266,14.0032],[120.6266963,14.0029501],[120.6267178,14.0027862],[120.626699,14.0025207],[120.6266373,14.0020783],[120.6265032,14.0015344],[120.6263772,14.0011023],[120.6262524,14.0007275],[120.6259815,14.0001049],[120.62594,14.0000685],[120.6259031,14.0000529],[120.6257757,14.0000249],[120.6257167,14.0000138],[120.6256583,13.9999982],[120.6256188,13.9999696],[120.6255068,13.9997367],[120.625429,13.999602],[120.6253345,13.9994868],[120.6253123,13.9994562],[120.6253009,13.9994204],[120.6253164,13.9992662],[120.6253123,13.9992025],[120.6252748,13.9991244],[120.6251273,13.9988537],[120.6249851,13.9985284],[120.6247866,13.9981771],[120.6247517,13.9980782],[120.6246901,13.9978413],[120.6245734,13.9975447],[120.6244741,13.9972571],[120.6244017,13.9970983],[120.6243628,13.9970489],[120.6243153,13.9970033],[120.6242073,13.9969012],[120.6241449,13.9968589],[120.623888,13.9967352],[120.6238123,13.9966793],[120.6236681,13.9964991],[120.623652,13.9964405],[120.6236547,13.9963852],[120.6238073,13.9961786],[120.6238002,13.9961565],[120.6237895,13.9961415],[120.6237734,13.9961334],[120.6237509,13.9961354],[120.6235783,13.9961464],[120.6235505,13.9961513],[120.6235216,13.9961591],[120.6234549,13.9961952],[120.6234291,13.9962024],[120.6233785,13.9962053],[120.6233295,13.9962024],[120.6233054,13.9961881],[120.6232443,13.9961028],[120.6232055,13.9960905],[120.6231706,13.9960911],[120.6230415,13.996165],[120.6230113,13.9961607],[120.6229902,13.9961503],[120.6229711,13.9961276],[120.6229627,13.9959747],[120.6229573,13.9958751],[120.6229446,13.9957547],[120.6229573,13.9957222],[120.6229768,13.9956955],[120.6232028,13.9955159],[120.6232712,13.9954249],[120.6233007,13.9953286],[120.6233087,13.9952329],[120.6233013,13.9951581],[120.623296,13.9950904],[120.623304,13.9949844],[120.6233181,13.9949043],[120.6233919,13.994743],[120.6234898,13.994566],[120.6235588,13.9944515],[120.623593,13.9944281],[120.6236292,13.9944242],[120.6236708,13.9944326],[120.6238203,13.994499],[120.623874,13.9945107],[120.6239209,13.9945061],[120.6240906,13.9944476],[120.6241904,13.9943725],[120.6243172,13.994229],[120.6244647,13.9940546],[120.6246331,13.9938047],[120.6246606,13.9937501],[120.62468,13.9936993],[120.6246827,13.9935725],[120.6246968,13.9934879],[120.624733,13.9933122],[120.6247692,13.9932374],[120.6248295,13.9931658],[120.6249784,13.9929953],[120.6250969,13.9928583],[120.6252461,13.9926552],[120.6254192,13.9924529],[120.6256396,13.9922015],[120.6260607,13.9917226],[120.6262377,13.9914754],[120.6262927,13.9912997],[120.6263208,13.991124],[120.6263465,13.9907951],[120.6263718,13.9905072],[120.6264603,13.9899529],[120.6265944,13.9896145],[120.6267875,13.9892762],[120.6269991,13.9889896],[120.62726,13.988774],[120.6274956,13.9886292],[120.6277853,13.9885214],[120.6282628,13.9883301],[120.6284317,13.9882872],[120.6284975,13.9882956],[120.6285377,13.988321],[120.6285805,13.988412],[120.6286108,13.9884817],[120.6286409,13.9884967],[120.6286758,13.9885025],[120.6287938,13.9884056],[120.6290567,13.9881232],[120.6293463,13.9877359],[120.6294453,13.9876468],[120.6295499,13.9875682],[120.6297253,13.9873785],[120.6298,13.9872762],[120.6298977,13.9871683],[120.6300137,13.9870427],[120.6300902,13.9869655],[120.630159,13.9868862],[120.6302382,13.9867906],[120.630312,13.9866813],[120.6304729,13.9863495],[120.6305587,13.9861842],[120.6306285,13.9860892],[120.630713,13.9860202],[120.6308055,13.9859083],[120.63089,13.9858289],[120.631008,13.9857339],[120.6310603,13.9856649],[120.6311059,13.9855296],[120.6311341,13.9854763],[120.631177,13.9854333],[120.6314559,13.9852342],[120.6315766,13.9851405],[120.6316893,13.9850312],[120.6319723,13.9846434],[120.6321359,13.9843493],[120.6322271,13.9840318],[120.6322861,13.983532],[120.6322512,13.983113],[120.6321573,13.9827564],[120.6320916,13.9824974],[120.6320346,13.982368],[120.631981,13.9823706],[120.6319508,13.9822612],[120.6319487,13.9822614],[120.637099,13.977524],[120.6371189,13.9971508],[120.6330672,14.0226531],[120.6296013,14.0323784]]]}},{"type":"Feature","properties":{"admin_level":"10","border_type":"barangay","boundary":"administrative","name":"Kapito","old_ref":"041013009","population":"3543","population:date":"2024-07-01","ref":"0401013009","type":"boundary","osm_id":17362626,"flood_prone":false,"risk_level":"very_low"},"geometry":{"type":"Polygon","coordinates":[[[120.6688502,14.0327072],[120.6872177,14.0214167],[120.6881824,14.0167711],[120.6865016,14.0114471],[120.6869119,14.0080666],[120.684793,14.0043763],[120.682967,14.0025766],[120.6809341,14.0007392],[120.6786784,13.9995503],[120.6769239,13.9988748],[120.6749746,13.9985775],[120.6733037,13.9986586],[120.6712151,13.9993611],[120.6696556,13.9999016],[120.6595879,14.0039246],[120.6570703,14.0064776],[120.655899,14.0091136],[120.6558324,14.0093786],[120.6557591,14.0094884],[120.6557258,14.0096177],[120.6558058,14.0097275],[120.6559123,14.0098115],[120.6560522,14.0098632],[120.6561188,14.0099925],[120.6561055,14.0101152],[120.6560255,14.0102186],[120.6557991,14.0103543],[120.6556659,14.0103996],[120.6554061,14.0105224],[120.6551664,14.0106516],[120.6551197,14.0107873],[120.6551264,14.0110523],[120.6551131,14.0111815],[120.6551131,14.0113172],[120.6551464,14.0115886],[120.655193,14.0117179],[120.6553196,14.0119505],[120.6554328,14.0120345],[120.6555726,14.0121185],[120.6557392,14.0121314],[120.6561854,14.0121314],[120.6563319,14.0121056],[120.6564718,14.0120797],[120.6566116,14.012028],[120.6567515,14.0120086],[120.6569114,14.0120603],[120.6569447,14.012196],[120.6569513,14.0126032],[120.6568847,14.0129909],[120.6568115,14.0132429],[120.6567582,14.0133786],[120.6567848,14.0135143],[120.6568448,14.0136565],[120.6569114,14.0137663],[120.6570312,14.0138439],[120.6570978,14.0139667],[120.6571178,14.0140765],[120.6571178,14.0142122],[120.6571578,14.0145612],[120.6571578,14.0146969],[120.6572177,14.0149489],[120.6572644,14.0150781],[120.6572577,14.0152074],[120.6570379,14.0153689],[120.6567848,14.015692],[120.6567249,14.0158083],[120.6567116,14.015944],[120.6567315,14.0160733],[120.6567715,14.0162025],[120.6568381,14.0163253],[120.6569513,14.0164093],[120.6570512,14.0164998],[120.6570645,14.016629],[120.6569846,14.0167324],[120.6567116,14.0168164],[120.656585,14.0168358],[120.6565051,14.0169844],[120.6565717,14.0171007],[120.6567049,14.0171589],[120.6568115,14.0172558],[120.6568181,14.0174432],[120.6567981,14.0175724],[120.6567449,14.0176823],[120.6566116,14.0176952],[120.6565051,14.0176047],[120.6563719,14.0175401],[120.6562587,14.0174626],[120.6560255,14.0173398],[120.6559123,14.0172623],[120.6557791,14.0172106],[120.6556392,14.0172429],[120.6555393,14.0173333],[120.6553995,14.0175466],[120.6553462,14.0176629],[120.6553462,14.0177921],[120.6553928,14.0179278],[120.655586,14.018154],[120.6557991,14.0185159],[120.6558524,14.0186516],[120.655939,14.0190393],[120.6559456,14.0193042],[120.6559323,14.0196919],[120.6562254,14.020196],[120.6563186,14.0203123],[120.6565917,14.0204351],[120.6566583,14.0205578],[120.6567382,14.0206677],[120.6567049,14.0207969],[120.6566383,14.0209132],[120.6565917,14.0210425],[120.6565917,14.0211652],[120.6566183,14.021288],[120.6566183,14.0214302],[120.6565983,14.0215594],[120.6564185,14.0217468],[120.6562587,14.0220505],[120.6562187,14.0221733],[120.656212,14.0223025],[120.656212,14.0225675],[120.6562254,14.0226967],[120.656252,14.0228324],[120.6562853,14.0229746],[120.6563985,14.0232266],[120.6563719,14.023485],[120.6563519,14.0239826],[120.6563119,14.0241054],[120.6562054,14.0243509],[120.6561321,14.0244543],[120.6560255,14.0245383],[120.6559057,14.0245965],[120.6557791,14.0246417],[120.6556592,14.0247192],[120.6555393,14.0247645],[120.6553728,14.0248808],[120.6552863,14.0249842],[120.6552263,14.0251005],[120.6551464,14.0252103],[120.6550864,14.0253266],[120.6549865,14.0255786],[120.6548667,14.0258242],[120.6547867,14.025934],[120.6547002,14.026031],[120.6546002,14.026115],[120.6543176,14.0262948],[120.6541012,14.0263505],[120.6539336,14.0263291],[120.6538033,14.0331481],[120.6554076,14.0329776],[120.6548034,14.0362499],[120.6592,14.0357127],[120.6688502,14.0327072]]]}},{"type":"Feature","properties":{"admin_level":"10","border_type":"barangay","boundary":"administrative","name":"Binubusan","old_ref":"041013004","population":"4734","population:date":"2024-07-01","ref":"0401013004","type":"boundary","osm_id":17369235,"flood_prone":false,"risk_level":"very_low"},"geometry":{"type":"Polygon","coordinates":[[[120.6250763,13.9688067],[120.6277059,13.9541128],[120.6526977,13.9505089],[120.6583142,13.9537888],[120.6632924,13.9566626],[120.6604385,13.96064],[120.6596744,13.9619992],[120.6592116,13.9628475],[120.6585637,13.9636459],[120.6575989,13.964237],[120.6562846,13.9648605],[120.6533348,13.9652573],[120.6487531,13.9686548],[120.6487523,13.9686529],[120.637099,13.977524],[120.6319487,13.9822614],[120.6315941,13.9822905],[120.6313419,13.9818129],[120.6310563,13.9814004],[120.6308269,13.9811453],[120.6306231,13.9809553],[120.6304219,13.9807367],[120.6302288,13.9804712],[120.6300625,13.9801875],[120.6298667,13.9798648],[120.6296816,13.9795707],[120.6295884,13.9792711],[120.6295475,13.9790286],[120.6294684,13.9790169],[120.6294624,13.9787287],[120.6299083,13.9787963],[120.6299552,13.9786415],[120.6299834,13.9784306],[120.6303629,13.97843],[120.6303891,13.9784196],[120.6304045,13.9784017],[120.6304863,13.978214],[120.6306204,13.9778229],[120.6306244,13.9773583],[120.6306271,13.9772086],[120.6306365,13.9770473],[120.6305614,13.9766868],[120.6305319,13.9765879],[120.6305198,13.9764955],[120.6305185,13.9762209],[120.6304917,13.9761181],[120.6303012,13.9757732],[120.6300142,13.9753906],[120.6297299,13.9751147],[120.6294322,13.9748739],[120.6290755,13.9746488],[120.6286222,13.9743546],[120.6282708,13.9740579],[120.6278296,13.9737176],[120.6276566,13.9735959],[120.6271767,13.9732681],[120.6271456,13.9732281],[120.6271302,13.973186],[120.6271188,13.9730897],[120.6271335,13.9730142],[120.6272931,13.9727526],[120.6273186,13.9726589],[120.6273884,13.972137],[120.6274058,13.9718859],[120.627371,13.9716763],[120.6272542,13.9714369],[120.6271161,13.9712299],[120.6269552,13.9710855],[120.6268466,13.9710412],[120.6267486,13.9710464],[120.6266722,13.9710829],[120.6265093,13.9712345],[120.626461,13.9712631],[120.6261371,13.9713327],[120.625999,13.9713796],[120.6258836,13.9714408],[120.6256959,13.9715501],[120.6255685,13.9715878],[120.6253552,13.9716347],[120.6251326,13.9716425],[120.6250629,13.9716112],[120.6250099,13.9715559],[120.6249931,13.9714642],[120.6250066,13.9712573],[120.6250206,13.9711213],[120.6250656,13.970984],[120.6251366,13.9708831],[120.6252037,13.9708369],[120.6252989,13.9707953],[120.6255189,13.9707634],[120.6255591,13.970738],[120.6255966,13.9706937],[120.6256121,13.970643],[120.6256101,13.9703905],[120.6256382,13.970207],[120.6256878,13.9700105],[120.6257683,13.9697866],[120.6258045,13.9695953],[120.6257951,13.9694392],[120.6257334,13.9692765],[120.6255913,13.9690995],[120.6253901,13.9689563],[120.6251494,13.9688073],[120.6251071,13.9687995],[120.6250763,13.9688067]]]}},{"type":"Feature","properties":{"admin_level":"10","border_type":"barangay","boundary":"administrative","name":"Luyahan","old_ref":"041013013","population":"2465","population:date":"2024-07-01","ref":"0401013013","type":"boundary","osm_id":17369236,"flood_prone":false,"risk_level":"very_low"},"geometry":{"type":"Polygon","coordinates":[[[120.6250763,13.9688067],[120.6249657,13.9688873],[120.6249429,13.9689147],[120.6249241,13.9689518],[120.6248942,13.9690611],[120.6248845,13.9690653],[120.6248721,13.9690653],[120.6248121,13.969049],[120.6247742,13.9690513],[120.6247491,13.9690656],[120.6247323,13.9690865],[120.6246947,13.9692127],[120.6246579,13.96924],[120.6245774,13.9692504],[120.6245211,13.9692452],[120.6244446,13.9692225],[120.6243836,13.969186],[120.6243454,13.9691457],[120.6243246,13.9690826],[120.6243246,13.9690377],[120.6243434,13.968983],[120.6244218,13.9687936],[120.6244104,13.9687624],[120.6243957,13.9687429],[120.6236844,13.9687273],[120.6232497,13.9687221],[120.622732,13.9687351],[120.6224249,13.9687312],[120.6221111,13.968726],[120.6217691,13.9687351],[120.6216954,13.9687637],[120.6216337,13.9688054],[120.6214513,13.9689954],[120.6213762,13.9690578],[120.6212568,13.9691008],[120.6210074,13.969158],[120.6208009,13.969201],[120.6205367,13.9692426],[120.6201571,13.9692713],[120.6198822,13.969296],[120.6194691,13.9693298],[120.6189287,13.9693598],[120.6185639,13.9693702],[120.6181388,13.9693715],[120.6178812,13.9692877],[120.6177002,13.9691619],[120.6172442,13.9688782],[120.6168956,13.9685984],[120.616856,13.9685548],[120.6168372,13.9685034],[120.616858,13.9683407],[120.6168768,13.9681872],[120.6168634,13.9680121],[120.61685,13.9679523],[120.6168278,13.9679321],[120.6167956,13.9679204],[120.61674,13.9679353],[120.6166815,13.9679601],[120.6165938,13.9679968],[120.6165697,13.9679959],[120.6165506,13.9679897],[120.6164279,13.9678904],[120.6163904,13.9678783],[120.616347,13.9678764],[120.616219,13.9679034],[120.6161533,13.9679067],[120.6160929,13.9679015],[120.6159575,13.9678416],[120.6159152,13.9678351],[120.6158689,13.9678371],[120.6156684,13.9678683],[120.6155102,13.9678859],[120.6154659,13.9678774],[120.6154217,13.9678553],[120.6153989,13.9678354],[120.6153878,13.9678032],[120.6154063,13.9677125],[120.6154019,13.9676939],[120.6153838,13.9676835],[120.6153563,13.9676806],[120.6152027,13.9677574],[120.6151763,13.9677606],[120.6151558,13.9677593],[120.6150619,13.9677297],[120.6150375,13.9677281],[120.614727,13.9677785],[120.6145862,13.9677603],[120.6144212,13.9676853],[120.614194,13.9675436],[120.6139156,13.9674571],[120.6134902,13.9677332],[120.613025,13.9680123],[120.612627,13.9681515],[120.61214,13.9683446],[120.6118054,13.9684898],[120.6117631,13.968508],[120.6117249,13.968536],[120.6116418,13.9686778],[120.6116458,13.9687045],[120.6116599,13.9687292],[120.6118128,13.9689004],[120.6118973,13.9690292],[120.6119415,13.969158],[120.6119442,13.9693155],[120.6119107,13.9695641],[120.6118755,13.9696631],[120.611792,13.969786],[120.6116933,13.9699707],[120.6116653,13.9699984],[120.6116301,13.9700265],[120.6114399,13.9701315],[120.6113724,13.9701875],[120.6112761,13.9702739],[120.6111342,13.9704335],[120.610937,13.9707159],[120.6107976,13.970859],[120.6106384,13.9710421],[120.6103184,13.9713275],[120.6099755,13.9715436],[120.609671,13.9717076],[120.6094484,13.9718429],[120.6093197,13.9719509],[120.609148,13.9721123],[120.6090769,13.9722034],[120.6089582,13.9723622],[120.6089405,13.9723853],[120.6089163,13.9724009],[120.6087014,13.9724624],[120.6086089,13.9725392],[120.6085311,13.9726355],[120.6084198,13.9728788],[120.6083514,13.9730819],[120.6083071,13.9733161],[120.6082562,13.9736701],[120.6081623,13.9740735],[120.6080013,13.9744692],[120.6077278,13.9750106],[120.6075883,13.9753776],[120.6073737,13.9759346],[120.6072342,13.9763042],[120.6071296,13.9764681],[120.6069955,13.9765983],[120.6067649,13.9767649],[120.6063384,13.9769731],[120.6057107,13.9771969],[120.605177,13.9773713],[120.604782,13.9775073],[120.6047257,13.977547],[120.6046955,13.9775938],[120.6046821,13.9776719],[120.6047022,13.9780923],[120.6047022,13.9783291],[120.6046352,13.97854],[120.6043348,13.9789824],[120.6040806,13.9792407],[120.6040585,13.9792427],[120.604033,13.9792284],[120.604023,13.9792069],[120.6039961,13.9789161],[120.6039747,13.978877],[120.6039224,13.978838],[120.6036897,13.9787247],[120.6032565,13.9784528],[120.6031452,13.9783552],[120.6030634,13.9782393],[120.6029963,13.9781118],[120.6029655,13.9779166],[120.6029266,13.9776108],[120.6028783,13.9770225],[120.602814,13.976174],[120.6028891,13.9753099],[120.6029105,13.9746019],[120.6027777,13.9741529],[120.6027777,13.9741061],[120.6027992,13.974067],[120.6029977,13.9736896],[120.6030983,13.9735087],[120.6032445,13.9733161],[120.6032954,13.9732693],[120.6033665,13.9732432],[120.6036615,13.9731508],[120.6037031,13.9731105],[120.6037259,13.9730623],[120.6037487,13.972327],[120.6037688,13.9722242],[120.6038144,13.9721565],[120.6038533,13.9721149],[120.6039177,13.9720902],[120.6040478,13.972042],[120.6040739,13.9720095],[120.604092,13.9719574],[120.6040531,13.9716139],[120.6040612,13.9713093],[120.604094,13.9710753],[120.6041685,13.9707679],[120.6042382,13.9704113],[120.6043246,13.9700911],[120.6043991,13.9698361],[120.6044894,13.9695514],[120.6045842,13.9692765],[120.6047398,13.968834],[120.6048337,13.9684696],[120.6049088,13.9679308],[120.6049329,13.9675794],[120.6049061,13.9671603],[120.6048605,13.9668714],[120.6047961,13.9665525],[120.6047458,13.9662942],[120.6047519,13.9662545],[120.6047713,13.9662103],[120.6048021,13.9661784],[120.6048538,13.9661478],[120.6049,13.9661387],[120.6049617,13.9661484],[120.6051958,13.9662415],[120.6052709,13.9662558],[120.6053647,13.9662623],[120.6054546,13.9662363],[120.6057081,13.9660202],[120.6059334,13.9657886],[120.6060244,13.9656585],[120.6061922,13.9652771],[120.606278,13.9651522],[120.6063706,13.9650676],[120.6064765,13.965022],[120.606624,13.9650103],[120.6068212,13.9650402],[120.6069794,13.9650546],[120.6071216,13.9650389],[120.6074233,13.9649596],[120.6076688,13.9649101],[120.6079289,13.9648047],[120.6081516,13.9646563],[120.6084305,13.9643023],[120.6086665,13.9640264],[120.6087886,13.9638989],[120.6091145,13.9637323],[120.6091721,13.9636841],[120.6093371,13.963511],[120.6096402,13.9632377],[120.609844,13.9630789],[120.6100827,13.9629722],[120.6107104,13.9627874],[120.6116009,13.9625115],[120.6122634,13.9622408],[120.6125262,13.9620612],[120.6126335,13.9620169],[120.6127582,13.9620078],[120.6133604,13.9620091],[120.6135562,13.9619831],[120.6136796,13.9619518],[120.6143877,13.9616655],[120.6150073,13.9613792],[120.6158227,13.9609367],[120.6160828,13.9606868],[120.6162652,13.9602885],[120.6163833,13.9597966],[120.6164852,13.9593515],[120.6166488,13.9589038],[120.6167802,13.9584691],[120.616834,13.9582567],[120.6223112,13.9554543],[120.6277059,13.9541128],[120.6250763,13.9688067]]]}},{"type":"Feature","properties":{"admin_level":"10","border_type":"barangay","boundary":"administrative","name":"Matabungkay","old_ref":"041013015","population":"5270","population:date":"2024-07-01","ref":"0401013015","type":"boundary","osm_id":17369237,"flood_prone":false,"risk_level":"very_low"},"geometry":{"type":"Polygon","coordinates":[[[120.616834,13.9582567],[120.6223112,13.9554543],[120.6277059,13.9541128],[120.6293602,13.9395238],[120.6296843,13.9390561],[120.6301585,13.9387271],[120.6305926,13.9385085],[120.6305733,13.9384252],[120.630532,13.9382684],[120.6305808,13.9381115],[120.6307161,13.9379656],[120.6307124,13.9378999],[120.6305996,13.9378306],[120.6303741,13.9378635],[120.6301824,13.9378598],[120.6300359,13.9377285],[120.6298592,13.9376519],[120.6296976,13.9376446],[120.6293857,13.9377285],[120.6291752,13.9377176],[120.628961,13.9377686],[120.6287242,13.9377613],[120.6285551,13.9377613],[120.6284235,13.9378124],[120.6283446,13.9379182],[120.6282619,13.9380167],[120.6281454,13.9380531],[120.6280402,13.9380094],[120.6278936,13.9379948],[120.6277433,13.9380313],[120.6276004,13.938086],[120.6273862,13.9380969],[120.627187,13.9380458],[120.6269578,13.9379765],[120.6266834,13.9379765],[120.6263827,13.9379328],[120.6260031,13.9379072],[120.6256085,13.937827],[120.6252251,13.9377723],[120.624808,13.9377321],[120.6244321,13.9376409],[120.6240064,13.9374956],[120.6239221,13.937486],[120.6237932,13.9374841],[120.6236998,13.9376021],[120.6236278,13.9376884],[120.6235564,13.9377869],[120.6234888,13.937889],[120.6233497,13.9379729],[120.6232219,13.9380896],[120.6231693,13.9382209],[120.6231017,13.9383231],[120.6229589,13.9383851],[120.6228311,13.9383741],[120.6226018,13.9383121],[120.6223876,13.93821],[120.6223199,13.9381188],[120.6222147,13.9381006],[120.6220644,13.9380787],[120.6219103,13.9380276],[120.6218313,13.9379255],[120.6217825,13.9378197],[120.6217449,13.9375899],[120.6217073,13.9374184],[120.6216322,13.9373163],[120.6215833,13.937185],[120.6215758,13.9370318],[120.6216209,13.9367144],[120.6217261,13.9362548],[120.6217562,13.9360469],[120.6217261,13.9358572],[120.6216998,13.9356967],[120.6216359,13.9355472],[120.6214856,13.9354377],[120.6213653,13.9353392],[120.6211924,13.9352262],[120.620997,13.9351678],[120.6208166,13.9351021],[120.6207076,13.935124],[120.6205497,13.9352225],[120.6203618,13.9353246],[120.6201664,13.9354414],[120.6199973,13.9356019],[120.6198883,13.9357405],[120.6198056,13.9358098],[120.619659,13.935839],[120.6195012,13.9358536],[120.6193809,13.9358171],[120.6192945,13.9356967],[120.6192456,13.935569],[120.6192009,13.9354622],[120.6191667,13.9353465],[120.6191264,13.9352472],[120.6190937,13.935182],[120.6190121,13.93508],[120.6188404,13.9349535],[120.6186328,13.9348797],[120.6184247,13.934848],[120.6182571,13.9348614],[120.6180058,13.9347363],[120.6179956,13.934598],[120.618073,13.9343762],[120.6180279,13.9341282],[120.6179302,13.9338801],[120.6177235,13.9336065],[120.6175468,13.9334242],[120.6174115,13.9333728],[120.6173676,13.9334307],[120.6169986,13.9334668],[120.6170928,13.933809],[120.6171085,13.9341076],[120.6170149,13.9341051],[120.6169793,13.9343274],[120.6169744,13.9345073],[120.6170125,13.9345995],[120.6170251,13.9347899],[120.6169385,13.9351469],[120.6168827,13.9351773],[120.6170055,13.9354479],[120.6172355,13.9353807],[120.6172889,13.9357271],[120.6168616,13.9358195],[120.6169438,13.9362513],[120.6167313,13.9362822],[120.6167316,13.9363018],[120.6166897,13.936306],[120.6166924,13.9364114],[120.6170196,13.9363919],[120.617037,13.9364713],[120.6172105,13.9364406],[120.6172523,13.9367733],[120.6172825,13.9369789],[120.6173589,13.9369692],[120.6175071,13.9371195],[120.6175165,13.9371911],[120.6175031,13.9372614],[120.6173784,13.9375634],[120.6172228,13.9377768],[120.6169787,13.9380476],[120.6166635,13.9383118],[120.6165328,13.9384146],[120.6164905,13.9384328],[120.6164235,13.9384276],[120.6162545,13.938399],[120.6161821,13.9384036],[120.6161077,13.9384205],[120.6160419,13.9384433],[120.6159789,13.9384927],[120.6159132,13.9385708],[120.6158408,13.9386151],[120.6157114,13.9386515],[120.6155705,13.9386528],[120.6154405,13.9386359],[120.6151327,13.9385083],[120.6150468,13.9384777],[120.6149523,13.9384654],[120.6146452,13.9385057],[120.6145875,13.9384888],[120.61455,13.9384485],[120.6145325,13.9383092],[120.6144735,13.9382714],[120.6144118,13.9382662],[120.6141101,13.9383248],[120.613925,13.9383587],[120.613685,13.9383977],[120.6136179,13.9384172],[120.6132853,13.9386515],[120.6129473,13.9389847],[120.6124645,13.9393804],[120.612309,13.9395392],[120.6122473,13.939685],[120.61225,13.9398724],[120.612435,13.9403618],[120.6125611,13.9406482],[120.6126469,13.9408278],[120.6127006,13.9410569],[120.6126899,13.9413484],[120.6126375,13.9418912],[120.6126174,13.9421229],[120.6125886,13.9423897],[120.6125692,13.9425355],[120.6125671,13.9425758],[120.6125755,13.9426182],[120.6126456,13.9427828],[120.6128347,13.9431108],[120.6129795,13.9433737],[120.6131291,13.9436978],[120.6132196,13.9439256],[120.6133014,13.9442679],[120.6133617,13.9443369],[120.6134677,13.9443733],[120.6135897,13.9443629],[120.6138821,13.94432],[120.6139639,13.9443434],[120.6140229,13.9443864],[120.6140926,13.9446272],[120.6140752,13.9446896],[120.614039,13.9447248],[120.6138077,13.9448914],[120.6137983,13.9449194],[120.6137989,13.9449747],[120.6138204,13.9451361],[120.6139022,13.9453222],[120.6140792,13.9455864],[120.6141691,13.9457309],[120.6141879,13.9457934],[120.6141342,13.9459984],[120.6141329,13.9460426],[120.614153,13.9460784],[120.6141865,13.946107],[120.6144065,13.9461435],[120.6144896,13.9461708],[120.614562,13.9462151],[120.614617,13.9462867],[120.614782,13.9466433],[120.6150945,13.9470884],[120.6149791,13.9472082],[120.6155544,13.9478746],[120.6161419,13.9484238],[120.6165937,13.948851],[120.6168137,13.949059],[120.617145,13.9494247],[120.617609,13.9499141],[120.6180194,13.9503918],[120.6184459,13.9509202],[120.6186551,13.9512118],[120.6187972,13.9515371],[120.6189179,13.9521593],[120.6188911,13.953073],[120.6188455,13.9538226],[120.6187731,13.9543823],[120.6186926,13.9547233],[120.6185853,13.9549836],[120.6184861,13.9551944],[120.6183091,13.9555042],[120.6177217,13.9561836],[120.6175393,13.9564335],[120.6172737,13.9569541],[120.6171048,13.9573211],[120.6169841,13.9576361],[120.6168956,13.9580135],[120.616834,13.9582567]]]}},{"type":"Feature","properties":{"admin_level":"10","border_type":"barangay","boundary":"administrative","name":"Balibago","old_ref":"041013003","population":"4085","population:date":"2024-07-01","ref":"0401013003","type":"boundary","osm_id":17369238,"flood_prone":false,"risk_level":"very_low"},"geometry":{"type":"Polygon","coordinates":[[[120.6734594,13.9262484],[120.6722222,13.9259722],[120.6707621,13.9261509],[120.6691524,13.9262075],[120.6680324,13.9259923],[120.6671341,13.9258564],[120.6662124,13.9261622],[120.662479,13.9277135],[120.657964,13.9278607],[120.6570307,13.9285515],[120.655829,13.9288686],[120.6549199,13.9286868],[120.6540046,13.9282298],[120.6532949,13.9279787],[120.6525919,13.9278628],[120.6519286,13.9279401],[120.6513317,13.9281203],[120.6510597,13.9284036],[120.6507082,13.9288993],[120.6502041,13.9292791],[120.6496536,13.929543],[120.6486985,13.929807],[120.6477899,13.9299808],[120.6468149,13.9301739],[120.6460323,13.9304765],[120.6452629,13.9308627],[120.6445399,13.931294],[120.6438899,13.9313777],[120.6433859,13.931294],[120.6430741,13.9311524],[120.6426497,13.931043],[120.6422981,13.9309142],[120.6418206,13.9308885],[120.6414094,13.9309593],[120.6409517,13.9311202],[120.6399966,13.931661],[120.6382264,13.9318002],[120.6380287,13.9317279],[120.6378593,13.9316142],[120.6377317,13.9315626],[120.6375882,13.9316193],[120.6372799,13.9317277],[120.637163,13.9317844],[120.6371524,13.9319289],[120.6372799,13.9321094],[120.6373915,13.9322848],[120.6373915,13.932486],[120.6372905,13.9325995],[120.6371417,13.9326201],[120.6368707,13.932615],[120.6365411,13.932584],[120.6361797,13.9326356],[120.6359352,13.9327491],[120.6358023,13.932909],[120.635595,13.9330999],[120.6353186,13.933234],[120.6350369,13.9332547],[120.6347712,13.9332495],[120.6345267,13.9331618],[120.6343141,13.9330225],[120.6342981,13.932811],[120.6343141,13.9325892],[120.6343779,13.9323983],[120.6343725,13.9322539],[120.6342769,13.9321868],[120.6341068,13.9322384],[120.6338942,13.9323364],[120.6337241,13.9323674],[120.6335168,13.9323364],[120.6333574,13.9323519],[120.6333042,13.9324654],[120.6333148,13.9327027],[120.633267,13.9328987],[120.6331713,13.9330793],[120.63298,13.9331412],[120.6327567,13.9331928],[120.632491,13.9332082],[120.6322093,13.9331412],[120.6320286,13.9331412],[120.6318266,13.9332237],[120.6317469,13.9333785],[120.6317734,13.9336003],[120.6318106,13.9339047],[120.6317522,13.9340852],[120.6317469,13.9342658],[120.6317681,13.9345701],[120.6317628,13.9346682],[120.6316193,13.9347301],[120.6314277,13.9347717],[120.6312924,13.934717],[120.6310481,13.9345711],[120.6308226,13.9345747],[120.6306573,13.9346623],[120.6305257,13.9347644],[120.6304017,13.9347863],[120.6302814,13.9347243],[120.6301461,13.934655],[120.6299507,13.9346623],[120.6297665,13.9346623],[120.6296726,13.9346148],[120.6296613,13.9345018],[120.6297553,13.9343376],[120.6297214,13.9342063],[120.6295861,13.9341187],[120.6294396,13.9340896],[120.6292554,13.9340275],[120.6290299,13.9339145],[120.6287029,13.933754],[120.6282933,13.9336628],[120.6280151,13.9336628],[120.6277182,13.9337102],[120.6275115,13.9337321],[120.6272672,13.9336847],[120.6270455,13.9336992],[120.6268613,13.9337503],[120.626711,13.9338196],[120.6265381,13.9338342],[120.6263088,13.9337722],[120.6261735,13.9337467],[120.6260007,13.9337904],[120.6258578,13.9339984],[120.6257526,13.9340823],[120.6255722,13.9341114],[120.6253392,13.9341224],[120.6251625,13.934126],[120.6249258,13.9341808],[120.6248356,13.9341698],[120.6247303,13.9342756],[120.6246777,13.9344288],[120.6247228,13.934582],[120.6248055,13.9348045],[120.6248205,13.934965],[120.624704,13.9350635],[120.6244936,13.9352131],[120.6243658,13.9353845],[120.6243244,13.9355414],[120.6243545,13.9357019],[120.6242831,13.9357675],[120.6241553,13.9358916],[120.6240726,13.9359572],[120.6239824,13.9360375],[120.6239561,13.9361834],[120.6239899,13.9362928],[120.6239824,13.936446],[120.623911,13.9365372],[120.6237231,13.9366466],[120.6235991,13.9367342],[120.6235577,13.9368983],[120.6236028,13.9370844],[120.6236742,13.9372412],[120.6237704,13.9373807],[120.623789,13.9374262],[120.6237932,13.9374841],[120.6239221,13.937486],[120.6240064,13.9374956],[120.6244321,13.9376409],[120.624808,13.9377321],[120.6252251,13.9377723],[120.6256085,13.937827],[120.6260031,13.9379072],[120.6263827,13.9379328],[120.6266834,13.9379765],[120.6269578,13.9379765],[120.627187,13.9380458],[120.6273862,13.9380969],[120.6276004,13.938086],[120.6277433,13.9380313],[120.6278936,13.9379948],[120.6280402,13.9380094],[120.6281454,13.9380531],[120.6282619,13.9380167],[120.6283446,13.9379182],[120.6284235,13.9378124],[120.6285551,13.9377613],[120.6287242,13.9377613],[120.628961,13.9377686],[120.6291752,13.9377176],[120.6293857,13.9377285],[120.6296976,13.9376446],[120.6298592,13.9376519],[120.6300359,13.9377285],[120.6301824,13.9378598],[120.6303741,13.9378635],[120.6305996,13.9378306],[120.6307124,13.9378999],[120.6307161,13.9379656],[120.6305808,13.9381115],[120.630532,13.9382684],[120.6305733,13.9384252],[120.6305926,13.9385085],[120.6301585,13.9387271],[120.6296843,13.9390561],[120.6293602,13.9395238],[120.6277059,13.9541128],[120.6526977,13.9505089],[120.6533897,13.945261],[120.6546879,13.9416166],[120.6552029,13.9398256],[120.6554818,13.9400494],[120.6560169,13.9394182],[120.6581318,13.9391696],[120.6648266,13.9350044],[120.6734594,13.9262484]]]}},{"type":"Feature","properties":{"admin_level":"10","border_type":"barangay","boundary":"administrative","name":"San Diego","old_ref":"041013023","population":"4735","population:date":"2024-07-01","ref":"0401013023","type":"boundary","osm_id":17369239,"flood_prone":false,"risk_level":"very_low"},"geometry":{"type":"Polygon","coordinates":[[[120.6218791,14.0390076],[120.6217262,14.0385392],[120.6214741,14.0379511],[120.6211388,14.0372537],[120.6208196,14.0367671],[120.6203932,14.0362415],[120.6197977,14.035591],[120.6191701,14.0349196],[120.6183788,14.0340961],[120.6182903,14.0340414],[120.6181964,14.034005],[120.6179845,14.0339581],[120.6177632,14.0338593],[120.6175674,14.0337422],[120.6173851,14.0336329],[120.6171839,14.0334937],[120.616972,14.0333818],[120.6168379,14.0333362],[120.6166247,14.0332868],[120.6164262,14.0332256],[120.6162639,14.0331788],[120.6161056,14.0331215],[120.6158468,14.0330019],[120.6156497,14.0329511],[120.6154673,14.032942],[120.6152634,14.0329667],[120.6150998,14.0330409],[120.6149282,14.0331567],[120.61479,14.0332881],[120.6147042,14.0333167],[120.6146237,14.0333076],[120.6145392,14.0332504],[120.6144749,14.0331463],[120.6144132,14.0330058],[120.6143287,14.0328327],[120.6143059,14.0326961],[120.6143206,14.0325842],[120.614377,14.0324047],[120.6144534,14.0321301],[120.6144568,14.032002],[120.6144695,14.0318699],[120.6144802,14.0317788],[120.6145097,14.0316591],[120.6145285,14.0315726],[120.6145734,14.03141],[120.6146123,14.0313599],[120.6146733,14.0313423],[120.6147565,14.0313521],[120.6148772,14.0313898],[120.6149101,14.0313944],[120.6149523,14.0313826],[120.6151494,14.0311868],[120.6153627,14.0308811],[120.6155357,14.0305766],[120.6156872,14.0302409],[120.6158133,14.0299612],[120.6158441,14.029835],[120.6158414,14.0297374],[120.6157918,14.0296359],[120.6157342,14.0295305],[120.615714,14.0294564],[120.6157127,14.0293731],[120.6157583,14.0292313],[120.6157945,14.0291051],[120.6158008,14.0289949],[120.6157702,14.028885],[120.6157243,14.0287602],[120.615712,14.028677],[120.6157733,14.0285522],[120.6158376,14.0284452],[120.6159172,14.0283353],[120.6159742,14.0282672],[120.6160654,14.0282255],[120.6161727,14.0282255],[120.6163819,14.0282672],[120.6165254,14.0283231],[120.6167145,14.0283999],[120.6169184,14.028461],[120.6171209,14.0284949],[120.617204,14.0284975],[120.6172751,14.0284688],[120.6175312,14.0281566],[120.617833,14.0277246],[120.6184767,14.0268789],[120.6185277,14.0267748],[120.6185438,14.0266499],[120.618529,14.0265302],[120.6185156,14.0263819],[120.6185076,14.0262309],[120.6185062,14.02608],[120.6185062,14.0259473],[120.6185263,14.025851],[120.6185625,14.0257547],[120.6186269,14.0256688],[120.6187302,14.0256077],[120.618871,14.0255556],[120.6190132,14.0255556],[120.6191245,14.0255791],[120.6192492,14.0256129],[120.6193618,14.0256285],[120.6194343,14.025622],[120.6194839,14.0256038],[120.6195094,14.0255654],[120.6195281,14.0254971],[120.622524,14.0258386],[120.62497,14.0264663],[120.6264849,14.0275992],[120.6275264,14.0287934],[120.628489,14.0304009],[120.6296013,14.0323784],[120.6312763,14.0368431],[120.632454,14.0468836],[120.6314939,14.0555574],[120.6302468,14.0564674],[120.6292694,14.0570741],[120.6278875,14.0574786],[120.627146,14.0576808],[120.6253022,14.0577941],[120.6246708,14.0578524],[120.624627,14.0575259],[120.6244621,14.0574049],[120.6244044,14.0573347],[120.6243467,14.0571851],[120.6243052,14.0569704],[120.6242824,14.056761],[120.6242689,14.0559023],[120.6242555,14.0557254],[120.624226,14.0555381],[120.6240007,14.0546196],[120.6238103,14.0537636],[120.6236628,14.0531729],[120.6235769,14.0527995],[120.6235528,14.0526838],[120.6235461,14.0525771],[120.6235702,14.0523026],[120.6235689,14.0521386],[120.6235018,14.051604],[120.6234375,14.0509561],[120.6233302,14.0500376],[120.6233007,14.0495328],[120.6232578,14.0490436],[120.6231961,14.0485831],[120.6231236,14.0478753],[120.62307,14.0470037],[120.6230405,14.0464676],[120.6229547,14.0457781],[120.6229144,14.0453176],[120.6228554,14.0449663],[120.6227428,14.0444641],[120.6226543,14.0438656],[120.6225979,14.0435716],[120.6225711,14.0432307],[120.6225926,14.0425932],[120.6225952,14.0422654],[120.6224692,14.0415524],[120.6223458,14.0409591],[120.6221393,14.0400146],[120.6220266,14.0394629],[120.6218791,14.0390076]]]}},{"type":"Feature","properties":{"admin_level":"10","alt_name":"Tres","border_type":"barangay","boundary":"administrative","name":"Barangay 3","old_ref":"041013018","population":"962","population:date":"2024-07-01","ref":"0401013018","type":"boundary","osm_id":17369240,"flood_prone":true,"near_river":true,"coastal":false,"elevation":10,"risk_level":"high"},"geometry":{"type":"Polygon","coordinates":[[[120.6483896,14.0387392],[120.650008,14.0388985],[120.6521246,14.0393912],[120.651688,14.040968],[120.6514385,14.0421644],[120.6505836,14.0420287],[120.6497781,14.0420287],[120.6490602,14.042122],[120.6482342,14.042358],[120.6483896,14.0387392]]]}},{"type":"Feature","properties":{"admin_level":"10","alt_name":"Dos","border_type":"barangay","boundary":"administrative","name":"Barangay 2","old_ref":"041013017","population":"537","population:date":"2024-07-01","ref":"0401013017","type":"boundary","osm_id":17369241,"flood_prone":true,"near_river":true,"coastal":false,"elevation":11,"risk_level":"moderate"},"geometry":{"type":"Polygon","coordinates":[[[120.6523358,14.0386227],[120.6521246,14.0393912],[120.650008,14.0388985],[120.6483896,14.0387392],[120.6484904,14.0363903],[120.6495173,14.0363101],[120.6495157,14.0368961],[120.6502043,14.0373222],[120.6510595,14.0372438],[120.6527721,14.0370351],[120.6523358,14.0386227]]]}},{"type":"Feature","properties":{"admin_level":"10","alt_name":"Singko","border_type":"barangay","boundary":"administrative","name":"Barangay 5","old_ref":"041013020","population":"1120","population:date":"2024-07-01","ref":"0401013020","type":"boundary","osm_id":17369242,"flood_prone":true,"near_river":true,"coastal":false,"elevation":8,"risk_level":"high"},"geometry":{"type":"Polygon","coordinates":[[[120.6523358,14.0386227],[120.6530689,14.0388054],[120.6536175,14.0388806],[120.6547594,14.0391103],[120.6542489,14.0413346],[120.6525814,14.0428504],[120.6515986,14.0421898],[120.6514385,14.0421644],[120.651688,14.040968],[120.6521246,14.0393912],[120.6523358,14.0386227]]]}},{"type":"Feature","properties":{"admin_level":"10","alt_name":"Quatro","border_type":"barangay","boundary":"administrative","name":"Barangay 4","old_ref":"041013019","population":"995","population:date":"2024-07-01","ref":"0401013019","type":"boundary","osm_id":17369243,"flood_prone":true,"near_river":true,"coastal":false,"elevation":10,"risk_level":"high"},"geometry":{"type":"Polygon","coordinates":[[[120.6548034,14.0362499],[120.6547594,14.0391103],[120.6536175,14.0388806],[120.6530689,14.0388054],[120.6523358,14.0386227],[120.6527721,14.0370351],[120.6530504,14.0359615],[120.6535167,14.0359965],[120.6536925,14.0358959],[120.6538033,14.0331481],[120.6554076,14.0329776],[120.6548034,14.0362499]]]}},{"type":"Feature","properties":{"admin_level":"10","alt_name":"Uno","border_type":"barangay","boundary":"administrative","name":"Barangay 1","old_ref":"041013016","population":"1343","population:date":"2024-07-01","ref":"0401013016","type":"boundary","osm_id":17369244,"flood_prone":true,"near_river":true,"coastal":false,"elevation":12,"risk_level":"moderate"},"geometry":{"type":"Polygon","coordinates":[[[120.6538033,14.0331481],[120.6504499,14.0335044],[120.6499069,14.0347412],[120.6495173,14.0363101],[120.6495157,14.0368961],[120.6502043,14.0373222],[120.6510595,14.0372438],[120.6527721,14.0370351],[120.6530504,14.0359615],[120.6535167,14.0359965],[120.6536925,14.0358959],[120.6538033,14.0331481]]]}},{"type":"Feature","properties":{"name":"Barangay 6 (Pob.)","flood_prone":true,"near_river":true,"coastal":false,"elevation":8,"risk_level":"high","approximate":true},"geometry":{"type":"Polygon","coordinates":[[[120.631,14.079889867049946],[120.63208405382314,14.079786302265918],[120.63312644806578,14.079479587850402],[120.6340871241018,14.078981510666381],[120.63492916368985,14.078311211540711],[120.6356202077208,14.077494449692884],[120.6361336997601,14.076562612822665],[120.63644990659661,14.075551510898398],[120.63655667657896,14.0745],[120.63644990659661,14.073448489101603],[120.6361336997601,14.072437387177336],[120.6356202077208,14.071505550307117],[120.63492916368985,14.07068878845929],[120.6340871241018,14.07001848933362],[120.63312644806578,14.069520412149599],[120.63208405382314,14.069213697734083],[120.631,14.069110132950055],[120.62991594617687,14.069213697734083],[120.62887355193422,14.069520412149599],[120.6279128758982,14.07001848933362],[120.62707083631015,14.07068878845929],[120.6263797922792,14.071505550307117],[120.6258663002399,14.072437387177336],[120.62555009340339,14.073448489101603],[120.62544332342104,14.0745],[120.62555009340339,14.075551510898398],[120.6258663002399,14.076562612822665],[120.6263797922792,14.077494449692884],[120.62707083631015,14.078311211540711],[120.6279128758982,14.078981510666381],[120.62887355193422,14.079479587850402],[120.62991594617687,14.079786302265918],[120.631,14.079889867049946]]]}},{"type":"Feature","properties":{"name":"Barangay 7 (Pob.)","flood_prone":true,"near_river":false,"coastal":false,"elevation":9,"risk_level":"low","approximate":true},"geometry":{"type":"Polygon","coordinates":[[[120.633,14.078389867049946],[120.6340840467083,14.078286302265917],[120.63512643410952,14.077979587850402],[120.63608710384045,14.07748151066638],[120.63692913790206,14.076811211540711],[120.63762017739757,14.075994449692883],[120.63813366606672,14.075062612822665],[120.63844987082791,14.074051510898398],[120.63855664010951,14.073],[120.63844987082791,14.071948489101603],[120.63813366606672,14.070937387177336],[120.63762017739757,14.070005550307117],[120.63692913790206,14.06918878845929],[120.63608710384045,14.06851848933362],[120.63512643410952,14.068020412149599],[120.6340840467083,14.067713697734083],[120.633,14.067610132950055],[120.6319159532917,14.067713697734083],[120.63087356589047,14.068020412149599],[120.62991289615954,14.06851848933362],[120.62907086209793,14.06918878845929],[120.62837982260243,14.070005550307117],[120.62786633393327,14.070937387177336],[120.62755012917208,14.071948489101603],[120.62744335989048,14.073],[120.62755012917208,14.074051510898398],[120.62786633393327,14.075062612822665],[120.62837982260243,14.075994449692883],[120.62907086209793,14.076811211540711],[120.62991289615954,14.07748151066638],[120.63087356589047,14.077979587850402],[120.6319159532917,14.078286302265917],[120.633,14.078389867049946]]]}},{"type":"Feature","properties":{"name":"Barangay 8 (Pob.)","flood_prone":false,"near_river":false,"coastal":false,"elevation":9,"risk_level":"very_low","approximate":true},"geometry":{"type":"Polygon","coordinates":[[[120.6345,14.075093244699964],[120.63522269306287,14.075024201510612],[120.63591761343662,14.074819725233601],[120.636558055721,14.074487673777588],[120.6371194080782,14.074040807693807],[120.63758009805194,14.073496299795256],[120.63792242158488,14.07287507521511],[120.63813322337562,14.0722010072656],[120.63820440242958,14.0715],[120.63813322337562,14.070798992734401],[120.63792242158488,14.07012492478489],[120.63758009805194,14.069503700204745],[120.6371194080782,14.068959192306194],[120.636558055721,14.068512326222413],[120.63591761343662,14.0681802747664],[120.63522269306287,14.067975798489389],[120.6345,14.067906755300037],[120.63377730693713,14.067975798489389],[120.63308238656339,14.0681802747664],[120.63244194427901,14.068512326222413],[120.6318805919218,14.068959192306194],[120.63141990194806,14.069503700204745],[120.63107757841513,14.07012492478489],[120.63086677662439,14.070798992734401],[120.63079559757043,14.0715],[120.63086677662439,14.0722010072656],[120.63107757841513,14.07287507521511],[120.63141990194806,14.073496299795256],[120.6318805919218,14.074040807693807],[120.63244194427901,14.074487673777588],[120.63308238656339,14.074819725233601],[120.63377730693713,14.075024201510612],[120.6345,14.075093244699964]]]}},{"type":"Feature","properties":{"name":"Barangay 9 (Pob.)","flood_prone":false,"near_river":false,"coastal":false,"elevation":10,"risk_level":"very_low","approximate":true},"geometry":{"type":"Polygon","coordinates":[[[120.636,14.073593244699964],[120.63672268832075,14.073524201510612],[120.63741760413463,14.0733197252336],[120.63805804221661,14.072987673777588],[120.63861939089038,14.072540807693807],[120.6390800778412,14.071996299795256],[120.63942239912791,14.07137507521511],[120.63963319953542,14.0707010072656],[120.63970437812233,14.07],[120.63963319953542,14.069298992734401],[120.63942239912791,14.06862492478489],[120.6390800778412,14.068003700204745],[120.63861939089038,14.067459192306194],[120.63805804221661,14.067012326222413],[120.63741760413463,14.0666802747664],[120.63672268832075,14.066475798489389],[120.636,14.066406755300036],[120.63527731167925,14.066475798489389],[120.63458239586537,14.0666802747664],[120.63394195778338,14.067012326222413],[120.63338060910961,14.067459192306194],[120.63291992215879,14.068003700204745],[120.63257760087208,14.06862492478489],[120.63236680046457,14.069298992734401],[120.63229562187766,14.07],[120.63236680046457,14.0707010072656],[120.63257760087208,14.07137507521511],[120.63291992215879,14.071996299795256],[120.63338060910961,14.072540807693807],[120.63394195778338,14.072987673777588],[120.63458239586537,14.0733197252336],[120.63527731167925,14.073524201510612],[120.636,14.073593244699964]]]}},{"type":"Feature","properties":{"name":"Aga","flood_prone":false,"near_river":true,"coastal":false,"elevation":20,"risk_level":"very_low","approximate":true},"geometry":{"type":"Polygon","coordinates":[[[120.638,14.095593244699964],[120.63872275792757,14.095524201510612],[120.63941774067331,14.095319725233601],[120.64005824044004,14.094987673777588],[120.64061964318094,14.094540807693807],[120.64108037450352,14.093996299795256],[120.64142272876141,14.09337507521511],[120.64163354947249,14.0927010072656],[120.64170473491507,14.092],[120.64163354947249,14.091298992734401],[120.64142272876141,14.09062492478489],[120.64108037450352,14.090003700204745],[120.64061964318094,14.089459192306194],[120.64005824044004,14.089012326222413],[120.63941774067331,14.0886802747664],[120.63872275792757,14.08847579848939],[120.638,14.088406755300037],[120.63727724207244,14.08847579848939],[120.6365822593267,14.0886802747664],[120.63594175955997,14.089012326222413],[120.63538035681907,14.089459192306194],[120.6349196254965,14.090003700204745],[120.6345772712386,14.09062492478489],[120.63436645052752,14.091298992734401],[120.63429526508494,14.092],[120.63436645052752,14.0927010072656],[120.6345772712386,14.09337507521511],[120.6349196254965,14.093996299795256],[120.63538035681907,14.094540807693807],[120.63594175955997,14.094987673777588],[120.6365822593267,14.095319725233601],[120.63727724207244,14.095524201510612],[120.638,14.095593244699964]]]}},{"type":"Feature","properties":{"name":"Balaytigue","flood_prone":true,"near_river":false,"coastal":true,"elevation":6,"risk_level":"moderate","approximate":true},"geometry":{"type":"Polygon","coordinates":[[[120.618,14.045389867049945],[120.61908389039348,14.045286302265916],[120.620126127487,14.044979587850401],[120.62108665869353,14.04448151066638],[120.62192857133749,14.04381121154071],[120.62261951118812,14.042994449692882],[120.62313292581443,14.042062612822663],[120.6234490849803,14.041051510898397],[120.62355583886622,14.04],[120.6234490849803,14.038948489101601],[120.62313292581443,14.037937387177335],[120.62261951118812,14.037005550307116],[120.62192857133749,14.036188788459288],[120.62108665869353,14.035518489333619],[120.620126127487,14.035020412149597],[120.61908389039348,14.034713697734082],[120.618,14.034610132950053],[120.6169161096065,14.034713697734082],[120.61587387251299,14.035020412149597],[120.61491334130646,14.035518489333619],[120.6140714286625,14.036188788459288],[120.61338048881187,14.037005550307116],[120.61286707418556,14.037937387177335],[120.6125509150197,14.038948489101601],[120.61244416113377,14.04],[120.6125509150197,14.041051510898397],[120.61286707418556,14.042062612822663],[120.61338048881187,14.042994449692882],[120.6140714286625,14.04381121154071],[120.61491334130646,14.04448151066638],[120.61587387251299,14.044979587850401],[120.6169161096065,14.045286302265916],[120.618,14.045389867049945]]]}},{"type":"Feature","properties":{"name":"Banilad","flood_prone":false,"near_river":false,"coastal":false,"elevation":30,"risk_level":"very_low","approximate":true},"geometry":{"type":"Polygon","coordinates":[[[120.645,14.101593244699965],[120.64572277693206,14.101524201510612],[120.64641777795195,14.101319725233601],[120.64705829456025,14.100987673777588],[120.64761971206292,14.100540807693807],[120.64808045550015,14.099996299795256],[120.64842281876005,14.09937507521511],[120.64863364501454,14.0987010072656],[120.64870483232889,14.098],[120.64863364501454,14.097298992734402],[120.64842281876005,14.09662492478489],[120.64808045550015,14.096003700204745],[120.64761971206292,14.095459192306194],[120.64705829456025,14.095012326222413],[120.64641777795195,14.0946802747664],[120.64572277693206,14.09447579848939],[120.645,14.094406755300037],[120.64427722306793,14.09447579848939],[120.64358222204804,14.0946802747664],[120.64294170543974,14.095012326222413],[120.64238028793707,14.095459192306194],[120.64191954449984,14.096003700204745],[120.64157718123994,14.09662492478489],[120.64136635498545,14.097298992734402],[120.6412951676711,14.098],[120.64136635498545,14.0987010072656],[120.64157718123994,14.09937507521511],[120.64191954449984,14.099996299795256],[120.64238028793707,14.100540807693807],[120.64294170543974,14.100987673777588],[120.64358222204804,14.101319725233601],[120.64427722306793,14.101524201510612],[120.645,14.101593244699965]]]}},{"type":"Feature","properties":{"name":"Bilaran","flood_prone":true,"near_river":true,"coastal":false,"elevation":15,"risk_level":"moderate","approximate":true},"geometry":{"type":"Polygon","coordinates":[[[120.6355,14.073889867049946],[120.6365840253688,14.073786302265917],[120.63762639225061,14.073479587850402],[120.63858704307073,14.07298151066638],[120.63942906055688,14.072311211540711],[120.64012008644926,14.071494449692883],[120.64063356501036,14.070562612822664],[120.64094976354707,14.069551510898398],[120.64105653072691,14.0685],[120.64094976354707,14.067448489101603],[120.64063356501036,14.066437387177336],[120.64012008644926,14.065505550307117],[120.63942906055688,14.06468878845929],[120.63858704307073,14.06401848933362],[120.63762639225061,14.063520412149598],[120.6365840253688,14.063213697734083],[120.6355,14.063110132950055],[120.63441597463118,14.063213697734083],[120.63337360774938,14.063520412149598],[120.63241295692926,14.06401848933362],[120.63157093944311,14.06468878845929],[120.63087991355073,14.065505550307117],[120.63036643498963,14.066437387177336],[120.63005023645292,14.067448489101603],[120.62994346927307,14.0685],[120.63005023645292,14.069551510898398],[120.63036643498963,14.070562612822664],[120.63087991355073,14.071494449692883],[120.63157093944311,14.072311211540711],[120.63241295692926,14.07298151066638],[120.63337360774938,14.073479587850402],[120.63441597463118,14.073786302265917],[120.6355,14.073889867049946]]]}},{"type":"Feature","properties":{"name":"Bucana","flood_prone":true,"near_river":false,"coastal":true,"elevation":3,"risk_level":"high","approximate":true},"geometry":{"type":"Polygon","coordinates":[[[120.624,14.085889867049946],[120.62508408229083,14.085786302265918],[120.62612650390719,14.085479587850402],[120.62708720517095,14.084981510666381],[120.6279292668713,14.084311211540712],[120.62862032904937,14.083494449692884],[120.62913383457317,14.082562612822665],[120.62945004971341,14.081551510898398],[120.6295568224996,14.0805],[120.62945004971341,14.079448489101603],[120.62913383457317,14.078437387177337],[120.62862032904937,14.077505550307118],[120.6279292668713,14.07668878845929],[120.62708720517095,14.07601848933362],[120.62612650390719,14.075520412149599],[120.62508408229083,14.075213697734084],[120.624,14.075110132950055],[120.62291591770916,14.075213697734084],[120.6218734960928,14.075520412149599],[120.62091279482904,14.07601848933362],[120.62007073312868,14.07668878845929],[120.61937967095062,14.077505550307118],[120.61886616542682,14.078437387177337],[120.61854995028658,14.079448489101603],[120.6184431775004,14.0805],[120.61854995028658,14.081551510898398],[120.61886616542682,14.082562612822665],[120.61937967095062,14.083494449692884],[120.62007073312868,14.084311211540712],[120.62091279482904,14.084981510666381],[120.6218734960928,14.085479587850402],[120.62291591770916,14.085786302265918],[120.624,14.085889867049946]]]}},{"type":"Feature","properties":{"name":"Bulihan","flood_prone":true,"near_river":true,"coastal":false,"elevation":19,"risk_level":"moderate","approximate":true},"geometry":{"type":"Polygon","coordinates":[[[120.654,14.160589867049946],[120.65508443783489,14.160486302265918],[120.65612720133193,14.160179587850402],[120.65708821767474,14.159681510666381],[120.65793055554421,14.159011211540712],[120.6586218443684,14.158194449692884],[120.65913551830545,14.157262612822665],[120.65945183715407,14.156251510898398],[120.65955864495828,14.1552],[120.65945183715407,14.154148489101603],[120.65913551830545,14.153137387177336],[120.6586218443684,14.152205550307118],[120.65793055554421,14.15138878845929],[120.65708821767474,14.15071848933362],[120.65612720133193,14.150220412149599],[120.65508443783489,14.149913697734084],[120.654,14.149810132950055],[120.6529155621651,14.149913697734084],[120.65187279866807,14.150220412149599],[120.65091178232525,14.15071848933362],[120.65006944445578,14.15138878845929],[120.6493781556316,14.152205550307118],[120.64886448169455,14.153137387177336],[120.64854816284593,14.154148489101603],[120.64844135504171,14.1552],[120.64854816284593,14.156251510898398],[120.64886448169455,14.157262612822665],[120.6493781556316,14.158194449692884],[120.65006944445578,14.159011211540712],[120.65091178232525,14.159681510666381],[120.65187279866807,14.160179587850402],[120.6529155621651,14.160486302265918],[120.654,14.160589867049946]]]}},{"type":"Feature","properties":{"name":"Bunducan","flood_prone":false,"near_river":false,"coastal":false,"elevation":51,"risk_level":"very_low","approximate":true},"geometry":{"type":"Polygon","coordinates":[[[120.6521,14.110493244699963],[120.65282280513851,14.110424201510611],[120.6535178332809,14.1102197252336],[120.65415837488543,14.109887673777587],[120.65471981429747,14.109440807693806],[120.65518057571525,14.108896299795255],[120.65552295233591,14.10827507521511],[120.65573378681792,14.107601007265599],[120.65580497691036,14.1069],[120.65573378681792,14.1061989927344],[120.65552295233591,14.10552492478489],[120.65518057571525,14.104903700204744],[120.65471981429747,14.104359192306193],[120.65415837488543,14.103912326222412],[120.6535178332809,14.103580274766399],[120.65282280513851,14.103375798489388],[120.6521,14.103306755300036],[120.6513771948615,14.103375798489388],[120.65068216671911,14.103580274766399],[120.65004162511458,14.103912326222412],[120.64948018570254,14.104359192306193],[120.64901942428476,14.104903700204744],[120.6486770476641,14.10552492478489],[120.64846621318209,14.1061989927344],[120.64839502308965,14.1069],[120.64846621318209,14.107601007265599],[120.6486770476641,14.10827507521511],[120.64901942428476,14.108896299795255],[120.64948018570254,14.109440807693806],[120.65004162511458,14.109887673777587],[120.65068216671911,14.1102197252336],[120.6513771948615,14.110424201510611],[120.6521,14.110493244699963]]]}},{"type":"Feature","properties":{"name":"Butucan","flood_prone":false,"near_river":false,"coastal":false,"elevation":176,"risk_level":"very_low","approximate":true},"geometry":{"type":"Polygon","coordinates":[[[120.6805,14.142993244699964],[120.68122290830642,14.142924201510612],[120.68191803565205,14.1427197252336],[120.6825586686828,14.142387673777588],[120.6831201882306,14.141940807693807],[120.6835810154141,14.141396299795256],[120.6839234409031,14.14077507521511],[120.68413430547808,14.1401010072656],[120.68420550573168,14.1394],[120.68413430547808,14.138698992734401],[120.6839234409031,14.13802492478489],[120.6835810154141,14.137403700204745],[120.6831201882306,14.136859192306193],[120.6825586686828,14.136412326222413],[120.68191803565205,14.1360802747664],[120.68122290830642,14.135875798489389],[120.6805,14.135806755300036],[120.67977709169357,14.135875798489389],[120.67908196434794,14.1360802747664],[120.67844133131719,14.136412326222413],[120.67787981176939,14.136859192306193],[120.67741898458588,14.137403700204745],[120.67707655909689,14.13802492478489],[120.67686569452191,14.138698992734401],[120.67679449426831,14.1394],[120.67686569452191,14.1401010072656],[120.67707655909689,14.14077507521511],[120.67741898458588,14.141396299795256],[120.67787981176939,14.141940807693807],[120.67844133131719,14.142387673777588],[120.67908196434794,14.1427197252336],[120.67977709169357,14.142924201510612],[120.6805,14.142993244699964]]]}},{"type":"Feature","properties":{"name":"Calayo","flood_prone":false,"near_river":false,"coastal":true,"elevation":10,"risk_level":"very_low","approximate":true},"geometry":{"type":"Polygon","coordinates":[[[120.625,14.037593244699965],[120.62572257467738,14.037524201510612],[120.62641738121515,14.037319725233601],[120.62705771858768,14.036987673777588],[120.62761897898888,14.036540807693807],[120.62807959349627,14.035996299795256],[120.62842186095266,14.03537507521511],[120.62863262821163,14.0347010072656],[120.62870379560563,14.034],[120.62863262821163,14.033298992734402],[120.62842186095266,14.03262492478489],[120.62807959349627,14.032003700204745],[120.62761897898888,14.031459192306194],[120.62705771858768,14.031012326222413],[120.62641738121515,14.0306802747664],[120.62572257467738,14.03047579848939],[120.625,14.030406755300037],[120.62427742532262,14.03047579848939],[120.62358261878485,14.0306802747664],[120.62294228141232,14.031012326222413],[120.62238102101112,14.031459192306194],[120.62192040650373,14.032003700204745],[120.62157813904734,14.03262492478489],[120.62136737178837,14.033298992734402],[120.62129620439437,14.034],[120.62136737178837,14.0347010072656],[120.62157813904734,14.03537507521511],[120.62192040650373,14.035996299795256],[120.62238102101112,14.036540807693807],[120.62294228141232,14.036987673777588],[120.62358261878485,14.037319725233601],[120.62427742532262,14.037524201510612],[120.625,14.037593244699965]]]}},{"type":"Feature","properties":{"name":"Catandaan","flood_prone":false,"near_river":false,"coastal":true,"elevation":10,"risk_level":"very_low","approximate":true},"geometry":{"type":"Polygon","coordinates":[[[120.62,14.068593244699963],[120.62072267251776,14.068524201510611],[120.62141757313594,14.0683197252336],[120.62205799721349,14.067987673777587],[120.62261933361226,14.067540807693806],[120.62308001048925,14.066996299795255],[120.62342232429043,14.06637507521511],[120.62363312008839,14.065701007265599],[120.62370429711883,14.065],[120.62363312008839,14.0642989927344],[120.62342232429043,14.06362492478489],[120.62308001048925,14.063003700204744],[120.62261933361226,14.062459192306193],[120.62205799721349,14.062012326222412],[120.62141757313594,14.061680274766399],[120.62072267251776,14.061475798489388],[120.62,14.061406755300036],[120.61927732748225,14.061475798489388],[120.61858242686407,14.061680274766399],[120.61794200278652,14.062012326222412],[120.61738066638775,14.062459192306193],[120.61691998951076,14.063003700204744],[120.61657767570958,14.06362492478489],[120.61636687991162,14.0642989927344],[120.61629570288117,14.065],[120.61636687991162,14.065701007265599],[120.61657767570958,14.06637507521511],[120.61691998951076,14.066996299795255],[120.61738066638775,14.067540807693806],[120.61794200278652,14.067987673777587],[120.61858242686407,14.0683197252336],[120.61927732748225,14.068524201510611],[120.62,14.068593244699963]]]}},{"type":"Feature","properties":{"name":"Cogonan","flood_prone":false,"near_river":false,"coastal":false,"elevation":40,"risk_level":"very_low","approximate":true},"geometry":{"type":"Polygon","coordinates":[[[120.65,14.091593244699963],[120.65072274526287,14.09152420151061],[120.65141771583059,14.0913197252336],[120.652058204374,14.090987673777587],[120.65261959727759,14.090540807693806],[120.65308032052688,14.089996299795255],[120.6534226687858,14.08937507521511],[120.65363348580271,14.088701007265598],[120.65370466999792,14.088],[120.65363348580271,14.0872989927344],[120.6534226687858,14.08662492478489],[120.65308032052688,14.086003700204744],[120.65261959727759,14.085459192306192],[120.652058204374,14.085012326222412],[120.65141771583059,14.084680274766399],[120.65072274526287,14.084475798489388],[120.65,14.084406755300035],[120.64927725473714,14.084475798489388],[120.64858228416942,14.084680274766399],[120.64794179562601,14.085012326222412],[120.64738040272242,14.085459192306192],[120.64691967947313,14.086003700204744],[120.64657733121422,14.08662492478489],[120.6463665141973,14.0872989927344],[120.64629533000209,14.088],[120.6463665141973,14.088701007265598],[120.64657733121422,14.08937507521511],[120.64691967947313,14.089996299795255],[120.64738040272242,14.090540807693806],[120.64794179562601,14.090987673777587],[120.64858228416942,14.0913197252336],[120.64927725473714,14.09152420151061],[120.65,14.091593244699963]]]}},{"type":"Feature","properties":{"name":"Dayap","flood_prone":false,"near_river":false,"coastal":false,"elevation":45,"risk_level":"very_low","approximate":true},"geometry":{"type":"Polygon","coordinates":[[[120.655,14.078593244699963],[120.65572270412996,14.07852420151061],[120.65641763514549,14.0783197252336],[120.6570580872374,14.077987673777587],[120.65761944819097,14.077540807693806],[120.65808014521956,14.076996299795255],[120.65842247399473,14.07637507521511],[120.65863327901363,14.075701007265598],[120.6587044591576,14.075],[120.65863327901363,14.0742989927344],[120.65842247399473,14.07362492478489],[120.65808014521956,14.073003700204744],[120.65761944819097,14.072459192306193],[120.6570580872374,14.072012326222412],[120.65641763514549,14.071680274766399],[120.65572270412996,14.071475798489388],[120.655,14.071406755300035],[120.65427729587005,14.071475798489388],[120.65358236485451,14.071680274766399],[120.6529419127626,14.072012326222412],[120.65238055180903,14.072459192306193],[120.65191985478045,14.073003700204744],[120.65157752600527,14.07362492478489],[120.65136672098637,14.0742989927344],[120.6512955408424,14.075],[120.65136672098637,14.075701007265598],[120.65157752600527,14.07637507521511],[120.65191985478045,14.076996299795255],[120.65238055180903,14.077540807693806],[120.6529419127626,14.077987673777587],[120.65358236485451,14.0783197252336],[120.65427729587005,14.07852420151061],[120.655,14.078593244699963]]]}},{"type":"Feature","properties":{"name":"Kaylaway","flood_prone":false,"near_river":true,"coastal":false,"elevation":22,"risk_level":"very_low","approximate":true},"geometry":{"type":"Polygon","coordinates":[[[120.641,14.061593244699964],[120.64172265040396,14.061524201510611],[120.64241752975818,14.0613197252336],[120.64305793423873,14.060987673777587],[120.6436192534606,14.060540807693807],[120.64407991624087,14.059996299795255],[120.64442221956723,14.05937507521511],[120.64463300891484,14.058701007265599],[120.64470418376726,14.058],[120.64463300891484,14.0572989927344],[120.64442221956723,14.05662492478489],[120.64407991624087,14.056003700204744],[120.6436192534606,14.055459192306193],[120.64305793423873,14.055012326222412],[120.64241752975818,14.0546802747664],[120.64172265040396,14.054475798489388],[120.641,14.054406755300036],[120.64027734959605,14.054475798489388],[120.63958247024183,14.0546802747664],[120.63894206576128,14.055012326222412],[120.63838074653941,14.055459192306193],[120.63792008375914,14.056003700204744],[120.63757778043278,14.05662492478489],[120.63736699108517,14.0572989927344],[120.63729581623275,14.058],[120.63736699108517,14.058701007265599],[120.63757778043278,14.05937507521511],[120.63792008375914,14.059996299795255],[120.63838074653941,14.060540807693807],[120.63894206576128,14.060987673777587],[120.63958247024183,14.0613197252336],[120.64027734959605,14.061524201510611],[120.641,14.061593244699964]]]}},{"type":"Feature","properties":{"name":"Kayrilaw","flood_prone":false,"near_river":false,"coastal":false,"elevation":300,"risk_level":"very_low","approximate":true},"geometry":{"type":"Polygon","coordinates":[[[120.7819,14.106293244699964],[120.78262279182515,14.106224201510612],[120.7833178071658,14.106019725233601],[120.78395833697219,14.105687673777588],[120.78451976604306,14.105240807693807],[120.7849805189741,14.104696299795256],[120.78532288928851,14.10407507521511],[120.78553371988716,14.1034010072656],[120.78560490866835,14.1027],[120.78553371988716,14.101998992734401],[120.78532288928851,14.10132492478489],[120.7849805189741,14.100703700204745],[120.78451976604306,14.100159192306194],[120.78395833697219,14.099712326222413],[120.7833178071658,14.0993802747664],[120.78262279182515,14.099175798489389],[120.7819,14.099106755300037],[120.78117720817484,14.099175798489389],[120.78048219283419,14.0993802747664],[120.7798416630278,14.099712326222413],[120.77928023395692,14.100159192306194],[120.77881948102589,14.100703700204745],[120.77847711071148,14.10132492478489],[120.77826628011283,14.101998992734401],[120.77819509133164,14.1027],[120.77826628011283,14.1034010072656],[120.77847711071148,14.10407507521511],[120.77881948102589,14.104696299795256],[120.77928023395692,14.105240807693807],[120.7798416630278,14.105687673777588],[120.78048219283419,14.106019725233601],[120.78117720817484,14.106224201510612],[120.7819,14.106293244699964]]]}},{"type":"Feature","properties":{"name":"Latag","flood_prone":false,"near_river":true,"coastal":false,"elevation":25,"risk_level":"very_low","approximate":true},"geometry":{"type":"Polygon","coordinates":[[[120.63,14.103593244699963],[120.63072278326887,14.103524201510611],[120.63141779038206,14.1033197252336],[120.63205831260598,14.102987673777587],[120.63261973503077,14.102540807693806],[120.63308048250748,14.101996299795255],[120.63342284876899,14.10137507521511],[120.63363367687187,14.100701007265599],[120.63370486481034,14.1],[120.63363367687187,14.0992989927344],[120.63342284876899,14.09862492478489],[120.63308048250748,14.098003700204744],[120.63261973503077,14.097459192306193],[120.63205831260598,14.097012326222412],[120.63141779038206,14.096680274766399],[120.63072278326887,14.096475798489388],[120.63,14.096406755300036],[120.62927721673113,14.096475798489388],[120.62858220961793,14.096680274766399],[120.62794168739401,14.097012326222412],[120.62738026496922,14.097459192306193],[120.62691951749251,14.098003700204744],[120.626577151231,14.09862492478489],[120.62636632312812,14.0992989927344],[120.62629513518965,14.1],[120.62636632312812,14.100701007265599],[120.626577151231,14.10137507521511],[120.62691951749251,14.101996299795255],[120.62738026496922,14.102540807693806],[120.62794168739401,14.102987673777587],[120.62858220961793,14.1033197252336],[120.62927721673113,14.103524201510611],[120.63,14.103593244699963]]]}},{"type":"Feature","properties":{"name":"Looc","flood_prone":true,"near_river":false,"coastal":true,"elevation":13,"risk_level":"low","approximate":true},"geometry":{"type":"Polygon","coordinates":[[[120.6295,14.169489867049945],[120.63058448033401,14.169386302265917],[120.63162728469698,14.169079587850401],[120.63258833870204,14.16858151066638],[120.63343070958273,14.16791121154071],[120.63412202549853,14.167094449692883],[120.63463571956648,14.166162612822664],[120.63495205081163,14.165151510898397],[120.63505886280164,14.1641],[120.63495205081163,14.163048489101602],[120.63463571956648,14.162037387177335],[120.63412202549853,14.161105550307116],[120.63343070958273,14.160288788459289],[120.63258833870204,14.159618489333619],[120.63162728469698,14.159120412149598],[120.63058448033401,14.158813697734082],[120.6295,14.158710132950054],[120.62841551966598,14.158813697734082],[120.62737271530301,14.159120412149598],[120.62641166129795,14.159618489333619],[120.62556929041726,14.160288788459289],[120.62487797450146,14.161105550307116],[120.62436428043351,14.162037387177335],[120.62404794918835,14.163048489101602],[120.62394113719834,14.1641],[120.62404794918835,14.165151510898397],[120.62436428043351,14.166162612822664],[120.62487797450146,14.167094449692883],[120.62556929041726,14.16791121154071],[120.62641166129795,14.16858151066638],[120.62737271530301,14.169079587850401],[120.62841551966598,14.169386302265917],[120.6295,14.169489867049945]]]}},{"type":"Feature","properties":{"name":"Lumbangan","flood_prone":true,"near_river":true,"coastal":false,"elevation":18,"risk_level":"moderate","approximate":true},"geometry":{"type":"Polygon","coordinates":[[[120.6403,14.066889867049946],[120.641383992189,14.066786302265918],[120.6424263271661,14.066479587850402],[120.64338694858267,14.065981510666381],[120.64422894029637,14.065311211540712],[120.64491994503787,14.064494449692884],[120.64543340788246,14.063562612822665],[120.64574959674097,14.062551510898398],[120.64585636065289,14.0615],[120.64574959674097,14.060448489101603],[120.64543340788246,14.059437387177336],[120.64491994503787,14.058505550307117],[120.64422894029637,14.05768878845929],[120.64338694858267,14.05701848933362],[120.6424263271661,14.056520412149599],[120.641383992189,14.056213697734083],[120.6403,14.056110132950055],[120.63921600781099,14.056213697734083],[120.63817367283389,14.056520412149599],[120.63721305141732,14.05701848933362],[120.63637105970362,14.05768878845929],[120.63568005496212,14.058505550307117],[120.63516659211753,14.059437387177336],[120.63485040325902,14.060448489101603],[120.6347436393471,14.0615],[120.63485040325902,14.062551510898398],[120.63516659211753,14.063562612822665],[120.63568005496212,14.064494449692884],[120.63637105970362,14.065311211540712],[120.63721305141732,14.065981510666381],[120.63817367283389,14.066479587850402],[120.63921600781099,14.066786302265918],[120.6403,14.066889867049946]]]}},{"type":"Feature","properties":{"name":"Malapad na Bato","flood_prone":true,"near_river":false,"coastal":true,"elevation":7,"risk_level":"moderate","approximate":true},"geometry":{"type":"Polygon","coordinates":[[[120.635,14.035389867049945],[120.63608384310524,14.035286302265916],[120.63712603472777,14.034979587850401],[120.63808652402801,14.03448151066638],[120.63892839994078,14.03381121154071],[120.63961930964692,14.032994449692882],[120.64013270187385,14.032062612822664],[120.64044884724623,14.031051510898397],[120.64055559647468,14.03],[120.64044884724623,14.028948489101602],[120.64013270187385,14.027937387177335],[120.63961930964692,14.027005550307116],[120.63892839994078,14.026188788459288],[120.63808652402801,14.025518489333619],[120.63712603472777,14.025020412149598],[120.63608384310524,14.024713697734082],[120.635,14.024610132950054],[120.63391615689477,14.024713697734082],[120.63287396527224,14.025020412149598],[120.631913475972,14.025518489333619],[120.63107160005923,14.026188788459288],[120.63038069035309,14.027005550307116],[120.62986729812616,14.027937387177335],[120.62955115275378,14.028948489101602],[120.62944440352533,14.03],[120.62955115275378,14.031051510898397],[120.62986729812616,14.032062612822664],[120.63038069035309,14.032994449692882],[120.63107160005923,14.03381121154071],[120.631913475972,14.03448151066638],[120.63287396527224,14.034979587850401],[120.63391615689477,14.035286302265916],[120.635,14.035389867049945]]]}},{"type":"Feature","properties":{"name":"Mataas na Pulo","flood_prone":false,"near_river":false,"coastal":false,"elevation":261,"risk_level":"very_low","approximate":true},"geometry":{"type":"Polygon","coordinates":[[[120.7452,14.115793244699963],[120.74592282194493,14.115724201510611],[120.74661786624787,14.1155197252336],[120.74725842274607,14.115187673777587],[120.74781987521251,14.114740807693806],[120.74828064734378,14.114196299795255],[120.74862303192526,14.11357507521511],[120.74883387130953,14.112901007265599],[120.74890506305726,14.1122],[120.74883387130953,14.1114989927344],[120.74862303192526,14.11082492478489],[120.74828064734378,14.110203700204744],[120.74781987521251,14.109659192306193],[120.74725842274607,14.109212326222412],[120.74661786624787,14.108880274766399],[120.74592282194493,14.108675798489388],[120.7452,14.108606755300036],[120.74447717805506,14.108675798489388],[120.74378213375212,14.108880274766399],[120.74314157725392,14.109212326222412],[120.74258012478748,14.109659192306193],[120.74211935265622,14.110203700204744],[120.74177696807473,14.11082492478489],[120.74156612869047,14.1114989927344],[120.74149493694273,14.1122],[120.74156612869047,14.112901007265599],[120.74177696807473,14.11357507521511],[120.74211935265622,14.114196299795255],[120.74258012478748,14.114740807693806],[120.74314157725392,14.115187673777587],[120.74378213375212,14.1155197252336],[120.74447717805506,14.115724201510611],[120.7452,14.115793244699963]]]}},{"type":"Feature","properties":{"name":"Maugat","flood_prone":true,"near_river":true,"coastal":false,"elevation":20,"risk_level":"moderate","approximate":true},"geometry":{"type":"Polygon","coordinates":[[[120.6767,14.092189867049946],[120.67778411219632,14.092086302265917],[120.67882656256893,14.091779587850402],[120.67978729033459,14.09128151066638],[120.68062937526408,14.090611211540711],[120.68132045650577,14.089794449692883],[120.68183397619514,14.088862612822664],[120.68215020005849,14.087851510898398],[120.6822569757901,14.0868],[120.68215020005849,14.085748489101602],[120.68183397619514,14.084737387177336],[120.68132045650577,14.083805550307117],[120.68062937526408,14.08298878845929],[120.67978729033459,14.08231848933362],[120.67882656256893,14.081820412149598],[120.67778411219632,14.081513697734083],[120.6767,14.081410132950055],[120.67561588780367,14.081513697734083],[120.67457343743106,14.081820412149598],[120.6736127096654,14.08231848933362],[120.67277062473592,14.08298878845929],[120.67207954349422,14.083805550307117],[120.67156602380486,14.084737387177336],[120.6712497999415,14.085748489101602],[120.6711430242099,14.0868],[120.6712497999415,14.087851510898398],[120.67156602380486,14.088862612822664],[120.67207954349422,14.089794449692883],[120.67277062473592,14.090611211540711],[120.6736127096654,14.09128151066638],[120.67457343743106,14.091779587850402],[120.67561588780367,14.092086302265917],[120.6767,14.092189867049946]]]}},{"type":"Feature","properties":{"name":"Munting Indang","flood_prone":false,"near_river":false,"coastal":false,"elevation":204,"risk_level":"very_low","approximate":true},"geometry":{"type":"Polygon","coordinates":[[[120.6985,14.106693244699963],[120.6992227930929,14.106624201510611],[120.69991780965259,14.1064197252336],[120.70055834058243,14.106087673777587],[120.70111977063804,14.105640807693806],[120.7015805243772,14.105096299795255],[120.70192289529214,14.10447507521511],[120.70213372626057,14.103801007265599],[120.70220491516663,14.1031],[120.70213372626057,14.1023989927344],[120.70192289529214,14.10172492478489],[120.7015805243772,14.101103700204744],[120.70111977063804,14.100559192306193],[120.70055834058243,14.100112326222412],[120.69991780965259,14.099780274766399],[120.6992227930929,14.099575798489388],[120.6985,14.099506755300036],[120.69777720690709,14.099575798489388],[120.6970821903474,14.099780274766399],[120.69644165941756,14.100112326222412],[120.69588022936195,14.100559192306193],[120.69541947562278,14.101103700204744],[120.69507710470785,14.10172492478489],[120.69486627373942,14.1023989927344],[120.69479508483336,14.1031],[120.69486627373942,14.103801007265599],[120.69507710470785,14.10447507521511],[120.69541947562278,14.105096299795255],[120.69588022936195,14.105640807693806],[120.69644165941756,14.106087673777587],[120.6970821903474,14.1064197252336],[120.69777720690709,14.106624201510611],[120.6985,14.106693244699963]]]}},{"type":"Feature","properties":{"name":"Natipuan","flood_prone":true,"near_river":false,"coastal":true,"elevation":8,"risk_level":"moderate","approximate":true},"geometry":{"type":"Polygon","coordinates":[[[120.632,14.051389867049945],[120.63308391878427,14.051286302265916],[120.63412618317751,14.050979587850401],[120.63508673954364,14.05048151066638],[120.63592867424015,14.04981121154071],[120.63661963218884,14.048994449692882],[120.63713306026324,14.048062612822664],[120.63744922771038,14.047051510898397],[120.63755598439256,14.046],[120.63744922771038,14.044948489101602],[120.63713306026324,14.043937387177335],[120.63661963218884,14.043005550307116],[120.63592867424015,14.042188788459288],[120.63508673954364,14.041518489333619],[120.63412618317751,14.041020412149598],[120.63308391878427,14.040713697734082],[120.632,14.040610132950054],[120.63091608121574,14.040713697734082],[120.6298738168225,14.041020412149598],[120.62891326045637,14.041518489333619],[120.62807132575986,14.042188788459288],[120.62738036781117,14.043005550307116],[120.62686693973677,14.043937387177335],[120.62655077228963,14.044948489101602],[120.62644401560745,14.046],[120.62655077228963,14.047051510898397],[120.62686693973677,14.048062612822664],[120.62738036781117,14.048994449692882],[120.62807132575986,14.04981121154071],[120.62891326045637,14.05048151066638],[120.6298738168225,14.050979587850401],[120.63091608121574,14.051286302265916],[120.632,14.051389867049945]]]}},{"type":"Feature","properties":{"name":"Pantalan","flood_prone":true,"near_river":true,"coastal":true,"elevation":5,"risk_level":"very_high","approximate":true},"geometry":{"type":"Polygon","coordinates":[[[120.6295,14.090989867049945],[120.6305841064989,14.090886302265917],[120.63162655139303,14.090579587850401],[120.6325872741097,14.09008151066638],[120.6334293546137,14.08941121154071],[120.63412043222351,14.088594449692883],[120.63463394921413,14.087662612822664],[120.63495017141561,14.086651510898397],[120.63505694658608,14.0856],[120.63495017141561,14.084548489101602],[120.63463394921413,14.083537387177335],[120.63412043222351,14.082605550307116],[120.6334293546137,14.081788788459288],[120.6325872741097,14.081118489333619],[120.63162655139303,14.080620412149598],[120.6305841064989,14.080313697734082],[120.6295,14.080210132950054],[120.62841589350109,14.080313697734082],[120.62737344860696,14.080620412149598],[120.62641272589029,14.081118489333619],[120.62557064538629,14.081788788459288],[120.62487956777647,14.082605550307116],[120.62436605078585,14.083537387177335],[120.62404982858438,14.084548489101602],[120.62394305341391,14.0856],[120.62404982858438,14.086651510898397],[120.62436605078585,14.087662612822664],[120.62487956777647,14.088594449692883],[120.62557064538629,14.08941121154071],[120.62641272589029,14.09008151066638],[120.62737344860696,14.090579587850401],[120.62841589350109,14.090886302265917],[120.6295,14.090989867049945]]]}},{"type":"Feature","properties":{"name":"Papaya","flood_prone":false,"near_river":false,"coastal":false,"elevation":35,"risk_level":"very_low","approximate":true},"geometry":{"type":"Polygon","coordinates":[[[120.648,14.055593244699963],[120.64872263145894,14.055524201510611],[120.64941749259617,14.0553197252336],[120.65005788028787,14.054987673777587],[120.65061918479418,14.054540807693806],[120.6510798354977,14.053996299795255],[120.65142212985025,14.05337507521511],[120.65163291367179,14.052701007265599],[120.65170408665828,14.052],[120.65163291367179,14.0512989927344],[120.65142212985025,14.05062492478489],[120.6510798354977,14.050003700204744],[120.65061918479418,14.049459192306193],[120.65005788028787,14.049012326222412],[120.64941749259617,14.048680274766399],[120.64872263145894,14.048475798489388],[120.648,14.048406755300036],[120.64727736854105,14.048475798489388],[120.64658250740382,14.048680274766399],[120.64594211971212,14.049012326222412],[120.64538081520581,14.049459192306193],[120.6449201645023,14.050003700204744],[120.64457787014975,14.05062492478489],[120.6443670863282,14.0512989927344],[120.64429591334171,14.052],[120.6443670863282,14.052701007265599],[120.64457787014975,14.05337507521511],[120.6449201645023,14.053996299795255],[120.64538081520581,14.054540807693806],[120.64594211971212,14.054987673777587],[120.64658250740382,14.0553197252336],[120.64727736854105,14.055524201510611],[120.648,14.055593244699963]]]}},{"type":"Feature","properties":{"name":"Putat","flood_prone":true,"near_river":true,"coastal":false,"elevation":7,"risk_level":"high","approximate":true},"geometry":{"type":"Polygon","coordinates":[[[120.6527,14.084189867049945],[120.65378407422362,14.084086302265916],[120.65482648808279,14.083779587850401],[120.65578718219749,14.08328151066638],[120.65662923763163,14.08261121154071],[120.65732029466716,14.081794449692882],[120.6578337963697,14.080862612822663],[120.65815000915683,14.079851510898397],[120.65825678114845,14.0788],[120.65815000915683,14.077748489101602],[120.6578337963697,14.076737387177335],[120.65732029466716,14.075805550307116],[120.65662923763163,14.074988788459288],[120.65578718219749,14.074318489333619],[120.65482648808279,14.073820412149598],[120.65378407422362,14.073513697734082],[120.6527,14.073410132950054],[120.65161592577637,14.073513697734082],[120.6505735119172,14.073820412149598],[120.6496128178025,14.074318489333619],[120.64877076236836,14.074988788459288],[120.64807970533283,14.075805550307116],[120.64756620363029,14.076737387177335],[120.64724999084316,14.077748489101602],[120.64714321885154,14.0788],[120.64724999084316,14.079851510898397],[120.64756620363029,14.080862612822663],[120.64807970533283,14.081794449692882],[120.64877076236836,14.08261121154071],[120.6496128178025,14.08328151066638],[120.6505735119172,14.083779587850401],[120.65161592577637,14.084086302265916],[120.6527,14.084189867049945]]]}},{"type":"Feature","properties":{"name":"Reparo","flood_prone":false,"near_river":true,"coastal":false,"elevation":18,"risk_level":"very_low","approximate":true},"geometry":{"type":"Polygon","coordinates":[[[120.642,14.086593244699964],[120.64272272943755,14.086524201510612],[120.64341768478812,14.0863197252336],[120.64405815930733,14.085987673777588],[120.64461953991861,14.085540807693807],[120.64508025307985,14.084996299795256],[120.64542259384267,14.08437507521511],[120.64563340624352,14.0837010072656],[120.64570458888006,14.083],[120.64563340624352,14.082298992734401],[120.64542259384267,14.08162492478489],[120.64508025307985,14.081003700204745],[120.64461953991861,14.080459192306193],[120.64405815930733,14.080012326222413],[120.64341768478812,14.0796802747664],[120.64272272943755,14.079475798489389],[120.642,14.079406755300036],[120.64127727056244,14.079475798489389],[120.64058231521187,14.0796802747664],[120.63994184069266,14.080012326222413],[120.63938046008138,14.080459192306193],[120.63891974692014,14.081003700204745],[120.63857740615732,14.08162492478489],[120.63836659375647,14.082298992734401],[120.63829541111993,14.083],[120.63836659375647,14.0837010072656],[120.63857740615732,14.08437507521511],[120.63891974692014,14.084996299795256],[120.63938046008138,14.085540807693807],[120.63994184069266,14.085987673777588],[120.64058231521187,14.0863197252336],[120.64127727056244,14.086524201510612],[120.642,14.086593244699964]]]}},{"type":"Feature","properties":{"name":"Talangan","flood_prone":true,"near_river":false,"coastal":false,"elevation":11,"risk_level":"low","approximate":true},"geometry":{"type":"Polygon","coordinates":[[[120.6358,14.083089867049946],[120.63688406900424,14.082986302265917],[120.6379264778446,14.082679587850402],[120.63888716733393,14.08218151066638],[120.63972921871392,14.081511211540711],[120.64042027242228,14.080694449692883],[120.64093377165251,14.079762612822664],[120.6412499829172,14.078751510898398],[120.64135675439476,14.0777],[120.6412499829172,14.076648489101602],[120.64093377165251,14.075637387177336],[120.64042027242228,14.074705550307117],[120.63972921871392,14.07388878845929],[120.63888716733393,14.07321848933362],[120.6379264778446,14.072720412149598],[120.63688406900424,14.072413697734083],[120.6358,14.072310132950054],[120.63471593099577,14.072413697734083],[120.6336735221554,14.072720412149598],[120.63271283266607,14.07321848933362],[120.63187078128608,14.07388878845929],[120.63117972757773,14.074705550307117],[120.6306662283475,14.075637387177336],[120.6303500170828,14.076648489101602],[120.63024324560524,14.0777],[120.6303500170828,14.078751510898398],[120.6306662283475,14.079762612822664],[120.63117972757773,14.080694449692883],[120.63187078128608,14.081511211540711],[120.63271283266607,14.08218151066638],[120.6336735221554,14.082679587850402],[120.63471593099577,14.082986302265917],[120.6358,14.083089867049946]]]}},{"type":"Feature","properties":{"name":"Tumalim","flood_prone":false,"near_river":false,"coastal":false,"elevation":83,"risk_level":"very_low","approximate":true},"geometry":{"type":"Polygon","coordinates":[[[120.7224,14.082193244699964],[120.7231227155164,14.082124201510611],[120.72381765748082,14.0819197252336],[120.72445811966328,14.081587673777587],[120.72501948946129,14.081140807693806],[120.72548019374833,14.080596299795255],[120.725822527917,14.07997507521511],[120.7260333362572,14.079301007265599],[120.72610451752264,14.0786],[120.7260333362572,14.0778989927344],[120.725822527917,14.07722492478489],[120.72548019374833,14.076603700204744],[120.72501948946129,14.076059192306193],[120.72445811966328,14.075612326222412],[120.72381765748082,14.0752802747664],[120.7231227155164,14.075075798489388],[120.7224,14.075006755300036],[120.72167728448359,14.075075798489388],[120.72098234251916,14.0752802747664],[120.7203418803367,14.075612326222412],[120.7197805105387,14.076059192306193],[120.71931980625166,14.076603700204744],[120.71897747208298,14.07722492478489],[120.71876666374278,14.0778989927344],[120.71869548247734,14.0786],[120.71876666374278,14.079301007265599],[120.71897747208298,14.07997507521511],[120.71931980625166,14.080596299795255],[120.7197805105387,14.081140807693806],[120.7203418803367,14.081587673777587],[120.72098234251916,14.0819197252336],[120.72167728448359,14.082124201510611],[120.7224,14.082193244699964]]]}},{"type":"Feature","properties":{"name":"Utod","flood_prone":true,"near_river":true,"coastal":false,"elevation":28,"risk_level":"low","approximate":true},"geometry":{"type":"Polygon","coordinates":[[[120.6479,14.124889867049946],[120.64898426765723,14.124786302265917],[120.65002686751644,14.124479587850402],[120.65098773304977,14.12398151066638],[120.65182993873361,14.123311211540711],[120.65252111907586,14.122494449692883],[120.65303471240357,14.121562612822665],[120.65335098161319,14.120551510898398],[120.65345777265637,14.1195],[120.65335098161319,14.118448489101603],[120.65303471240357,14.117437387177336],[120.65252111907586,14.116505550307117],[120.65182993873361,14.11568878845929],[120.65098773304977,14.11501848933362],[120.65002686751644,14.114520412149599],[120.64898426765723,14.114213697734083],[120.6479,14.114110132950055],[120.64681573234279,14.114213697734083],[120.64577313248357,14.114520412149599],[120.64481226695024,14.11501848933362],[120.6439700612664,14.11568878845929],[120.64327888092416,14.116505550307117],[120.64276528759645,14.117437387177336],[120.64244901838683,14.118448489101603],[120.64234222734365,14.1195],[120.64244901838683,14.120551510898398],[120.64276528759645,14.121562612822665],[120.64327888092416,14.122494449692883],[120.6439700612664,14.123311211540711],[120.64481226695024,14.12398151066638],[120.64577313248357,14.124479587850402],[120.64681573234279,14.124786302265917],[120.6479,14.124889867049946]]]}},{"type":"Feature","properties":{"name":"Wawa","flood_prone":true,"near_river":true,"coastal":true,"elevation":4,"risk_level":"very_high","approximate":true},"geometry":{"type":"Polygon","coordinates":[[[120.6278,14.077789867049946],[120.62888404386258,14.077686302265917],[120.62992642852748,14.077379587850402],[120.63088709573658,14.07688151066638],[120.63172912758779,14.076211211540711],[120.63242016526927,14.075394449692883],[120.63293365259048,14.074462612822664],[120.63324985652162,14.073451510898398],[120.63335662552294,14.0724],[120.63324985652162,14.071348489101602],[120.63293365259048,14.070337387177336],[120.63242016526927,14.069405550307117],[120.63172912758779,14.068588788459289],[120.63088709573658,14.06791848933362],[120.62992642852748,14.067420412149598],[120.62888404386258,14.067113697734083],[120.6278,14.067010132950054],[120.6267159561374,14.067113697734083],[120.6256735714725,14.067420412149598],[120.6247129042634,14.06791848933362],[120.6238708724122,14.068588788459289],[120.62317983473072,14.069405550307117],[120.6226663474095,14.070337387177336],[120.62235014347837,14.071348489101602],[120.62224337447705,14.0724],[120.62235014347837,14.073451510898398],[120.6226663474095,14.074462612822664],[120.62317983473072,14.075394449692883],[120.6238708724122,14.076211211540711],[120.6247129042634,14.07688151066638],[120.6256735714725,14.077379587850402],[120.6267159561374,14.077686302265917],[120.6278,14.077789867049946]]]}}]}