{
  "type": "FeatureCollection",
  "features": [
    {
      "type": "Feature",
      "properties": {
        "admin_level": "10",
        "border_type": "barangay",
        "boundary": "administrative",
        "name": "Bagong Pook",
        "old_ref": "041013002",
        "population": "2762",
        "population:date": "2024-07-01",
        "ref": "0401013002",
        "type": "boundary",
        "osm_id": 17004091
      },
      "geometry": {
        "type": "Polygon",
        "coordinates": [
          [
            [
              120.6675165,
              14.0451382
            ],
            [
              120.6688502,
              14.0327072
            ],
            [
              120.6872177,
              14.0214167
            ],
            [
              120.6871909,
              14.0249923
            ],
            [
              120.6885052,
              14.0333037
            ],
            [
              120.6869066,
              14.0414847
            ],
            [
              120.6865847,
              14.0422211
            ],
            [
              120.686515,
              14.0423018
            ],
            [
              120.6863889,
              14.042333
            ],
            [
              120.6861395,
              14.0423356
            ],
            [
              120.686059,
              14.0423408
            ],
            [
              120.6859946,
              14.0423642
            ],
            [
              120.6857881,
              14.0425126
            ],
            [
              120.685713,
              14.042523
            ],
            [
              120.6856325,
              14.0424839
            ],
            [
              120.6855467,
              14.0423226
            ],
            [
              120.6854233,
              14.0422524
            ],
            [
              120.6852436,
              14.0422055
            ],
            [
              120.6850398,
              14.0421691
            ],
            [
              120.6848332,
              14.0421561
            ],
            [
              120.6842575,
              14.0423637
            ],
            [
              120.6840286,
              14.0421222
            ],
            [
              120.6829403,
              14.0414318
            ],
            [
              120.6815954,
              14.0401104
            ],
            [
              120.6806073,
              14.0394298
            ],
            [
              120.680197,
              14.0393224
            ],
            [
              120.6798823,
              14.0393474
            ],
            [
              120.6794658,
              14.0399486
            ],
            [
              120.6791779,
              14.0410006
            ],
            [
              120.679027,
              14.0424944
            ],
            [
              120.6785862,
              14.0433251
            ],
            [
              120.6774605,
              14.04423
            ],
            [
              120.676812,
              14.0450093
            ],
            [
              120.6764061,
              14.0458186
            ],
            [
              120.6764215,
              14.046955
            ],
            [
              120.6763938,
              14.0479737
            ],
            [
              120.6760362,
              14.0493912
            ],
            [
              120.6757724,
              14.0500858
            ],
            [
              120.675121,
              14.050326
            ],
            [
              120.6750908,
              14.0503256
            ],
            [
              120.6740254,
              14.0503099
            ],
            [
              120.6729138,
              14.0497782
            ],
            [
              120.6718988,
              14.0489887
            ],
            [
              120.6710288,
              14.0479254
            ],
            [
              120.6706582,
              14.0472487
            ],
            [
              120.6703423,
              14.0466399
            ],
            [
              120.6701126,
              14.0458491
            ],
            [
              120.6697144,
              14.045302
            ],
            [
              120.6688699,
              14.0451382
            ],
            [
              120.6675165,
              14.0451382
            ]
          ]
        ]
      }
    },
    {
      "type": "Feature",
      "properties": {
        "admin_level": "10",
        "border_type": "barangay",
        "boundary": "administrative",
        "name": "Malaruhatan",
        "old_ref": "041013014",
        "population": "4966",
        "population:date": "2024-07-01",
        "ref": "0401013014",
        "type": "boundary",
        "osm_id": 17004160
      },
      "geometry": {
        "type": "Polygon",
        "coordinates": [
          [
            [
              120.6548034,
              14.0362499
            ],
            [
              120.6547594,
              14.0391103
            ],
            [
              120.6542489,
              14.0413346
            ],
            [
              120.6525814,
              14.0428504
            ],
            [
              120.6534998,
              14.0438332
            ],
            [
              120.6546276,
              14.0448482
            ],
            [
              120.6557392,
              14.0457021
            ],
            [
              120.6569153,
              14.046556
            ],
            [
              120.6579304,
              14.0471037
            ],
            [
              120.658752,
              14.0474421
            ],
            [
              120.6597026,
              14.0477482
            ],
            [
              120.660927,
              14.0480382
            ],
            [
              120.6620709,
              14.0481187
            ],
            [
              120.6633759,
              14.0481349
            ],
            [
              120.6646104,
              14.0479741
            ],
            [
              120.6655304,
              14.0476928
            ],
            [
              120.6665243,
              14.0474613
            ],
            [
              120.6668882,
              14.0470232
            ],
            [
              120.6671137,
              14.046121
            ],
            [
              120.6671943,
              14.0453959
            ],
            [
              120.6675165,
              14.0451382
            ],
            [
              120.6688502,
              14.0327072
            ],
            [
              120.6592,
              14.0357127
            ],
            [
              120.6548034,
              14.0362499
            ]
          ]
        ]
      }
    },
    {
      "type": "Feature",
      "properties": {
        "admin_level": "10",
        "border_type": "barangay",
        "boundary": "administrative",
        "name": "Bungahan",
        "old_ref": "041013005",
        "population": "6288",
        "population:date": "2024-07-01",
        "ref": "0401013005",
        "type": "boundary",
        "osm_id": 17004161
      },
      "geometry": {
        "type": "Polygon",
        "coordinates": [
          [
            [
              120.6314939,
              14.0555574
            ],
            [
              120.6335836,
              14.0546811
            ],
            [
              120.6353025,
              14.0541755
            ],
            [
              120.6371563,
              14.054007
            ],
            [
              120.6387404,
              14.0541081
            ],
            [
              120.6402142,
              14.0543392
            ],
            [
              120.6421783,
              14.0546474
            ],
            [
              120.643358,
              14.0546474
            ],
            [
              120.6444028,
              14.0543777
            ],
            [
              120.6454477,
              14.0536025
            ],
            [
              120.645987,
              14.0529284
            ],
            [
              120.646324,
              14.0522543
            ],
            [
              120.6466274,
              14.0508724
            ],
            [
              120.6468226,
              14.0496448
            ],
            [
              120.6469981,
              14.0477333
            ],
            [
              120.6471737,
              14.0458413
            ],
            [
              120.6471342,
              14.0445775
            ],
            [
              120.6472976,
              14.0433021
            ],
            [
              120.6477622,
              14.042712
            ],
            [
              120.6482342,
              14.042358
            ],
            [
              120.6483896,
              14.0387392
            ],
            [
              120.6484904,
              14.0363903
            ],
            [
              120.6495173,
              14.0363101
            ],
            [
              120.6499069,
              14.0347412
            ],
            [
              120.6504499,
              14.0335044
            ],
            [
              120.6538033,
              14.0331481
            ],
            [
              120.6539336,
              14.0263291
            ],
            [
              120.6537744,
              14.0263088
            ],
            [
              120.6536557,
              14.0262858
            ],
            [
              120.6535734,
              14.0262791
            ],
            [
              120.6535158,
              14.0262755
            ],
            [
              120.6533866,
              14.0263207
            ],
            [
              120.6532749,
              14.0263411
            ],
            [
              120.653075,
              14.0265091
            ],
            [
              120.6529552,
              14.0265931
            ],
            [
              120.6528086,
              14.0268128
            ],
            [
              120.6526888,
              14.0268645
            ],
            [
              120.6521226,
              14.0268645
            ],
            [
              120.6518163,
              14.026871
            ],
            [
              120.6512302,
              14.0269485
            ],
            [
              120.6510703,
              14.0269808
            ],
            [
              120.6508172,
              14.0270067
            ],
            [
              120.650684,
              14.0270067
            ],
            [
              120.650391,
              14.0269808
            ],
            [
              120.6501046,
              14.0269485
            ],
            [
              120.6498182,
              14.026871
            ],
            [
              120.649665,
              14.0268257
            ],
            [
              120.6495118,
              14.0267934
            ],
            [
              120.6493719,
              14.0267611
            ],
            [
              120.6482863,
              14.0266836
            ],
            [
              120.6481531,
              14.0266577
            ],
            [
              120.6477668,
              14.0265285
            ],
            [
              120.6476336,
              14.0265091
            ],
            [
              120.6475071,
              14.0264833
            ],
            [
              120.6473672,
              14.0264833
            ],
            [
              120.6472407,
              14.0264574
            ],
            [
              120.6467678,
              14.0263928
            ],
            [
              120.6466346,
              14.0263928
            ],
            [
              120.646488,
              14.0264122
            ],
            [
              120.6463482,
              14.0264251
            ],
            [
              120.6460618,
              14.0264962
            ],
            [
              120.6459419,
              14.0265414
            ],
            [
              120.6456422,
              14.0265414
            ],
            [
              120.6451826,
              14.026438
            ],
            [
              120.6449162,
              14.0263928
            ],
            [
              120.6446498,
              14.026367
            ],
            [
              120.6443967,
              14.026367
            ],
            [
              120.6442702,
              14.0263605
            ],
            [
              120.6441436,
              14.0263411
            ],
            [
              120.6438706,
              14.0262894
            ],
            [
              120.6432711,
              14.0259534
            ],
            [
              120.643018,
              14.0258242
            ],
            [
              120.6428915,
              14.0257725
            ],
            [
              120.6427716,
              14.0257273
            ],
            [
              120.6422122,
              14.0255851
            ],
            [
              120.6420923,
              14.0255399
            ],
            [
              120.6412864,
              14.0252362
            ],
            [
              120.6411398,
              14.0252297
            ],
            [
              120.6410133,
              14.0251974
            ],
            [
              120.6408601,
              14.0251392
            ],
            [
              120.6407203,
              14.0251199
            ],
            [
              120.6405937,
              14.0250617
            ],
            [
              120.6404605,
              14.0250294
            ],
            [
              120.640334,
              14.0249842
            ],
            [
              120.6402074,
              14.024926
            ],
            [
              120.6400809,
              14.0249195
            ],
            [
              120.6399477,
              14.0249325
            ],
            [
              120.6398344,
              14.0249906
            ],
            [
              120.6396746,
              14.0251974
            ],
            [
              120.6395614,
              14.0254365
            ],
            [
              120.6395414,
              14.0255592
            ],
            [
              120.6395547,
              14.0258565
            ],
            [
              120.6395081,
              14.0259793
            ],
            [
              120.6394748,
              14.0261085
            ],
            [
              120.6394215,
              14.0262377
            ],
            [
              120.6394348,
              14.0265479
            ],
            [
              120.6394148,
              14.0266707
            ],
            [
              120.6393749,
              14.0267999
            ],
            [
              120.6393216,
              14.0269162
            ],
            [
              120.6392017,
              14.0271488
            ],
            [
              120.6390752,
              14.0273685
            ],
            [
              120.6389952,
              14.0276205
            ],
            [
              120.6389686,
              14.0277433
            ],
            [
              120.6389753,
              14.0278855
            ],
            [
              120.6390019,
              14.0280147
            ],
            [
              120.6390752,
              14.028131
            ],
            [
              120.6391751,
              14.0282344
            ],
            [
              120.639295,
              14.0283248
            ],
            [
              120.6393616,
              14.0284412
            ],
            [
              120.639255,
              14.0287319
            ],
            [
              120.6392284,
              14.0288741
            ],
            [
              120.6391951,
              14.0291325
            ],
            [
              120.6391951,
              14.0292682
            ],
            [
              120.6391751,
              14.0293975
            ],
            [
              120.6391684,
              14.0297916
            ],
            [
              120.6391221,
              14.0301942
            ],
            [
              120.638949,
              14.0303299
            ],
            [
              120.6387558,
              14.0305108
            ],
            [
              120.6386759,
              14.0306142
            ],
            [
              120.6386159,
              14.0308791
            ],
            [
              120.638556,
              14.0309954
            ],
            [
              120.6384761,
              14.0310988
            ],
            [
              120.638243,
              14.0312151
            ],
            [
              120.6380298,
              14.0315124
            ],
            [
              120.6379832,
              14.0316545
            ],
            [
              120.6379832,
              14.0317902
            ],
            [
              120.6380032,
              14.0319194
            ],
            [
              120.6382296,
              14.0322619
            ],
            [
              120.638243,
              14.032404
            ],
            [
              120.6382256,
              14.0324498
            ],
            [
              120.6381963,
              14.0325268
            ],
            [
              120.6379566,
              14.0329985
            ],
            [
              120.63789,
              14.0331019
            ],
            [
              120.6375103,
              14.0337028
            ],
            [
              120.6374371,
              14.0338062
            ],
            [
              120.6373572,
              14.0339096
            ],
            [
              120.6372639,
              14.034
            ],
            [
              120.6371573,
              14.0340776
            ],
            [
              120.6370441,
              14.0341422
            ],
            [
              120.6369109,
              14.034181
            ],
            [
              120.636771,
              14.0341616
            ],
            [
              120.6366578,
              14.034097
            ],
            [
              120.6365712,
              14.034
            ],
            [
              120.6364913,
              14.0338902
            ],
            [
              120.6363448,
              14.033664
            ],
            [
              120.6362782,
              14.0335542
            ],
            [
              120.636145,
              14.0333087
            ],
            [
              120.6360584,
              14.0330502
            ],
            [
              120.6359985,
              14.0329274
            ],
            [
              120.6359252,
              14.0328176
            ],
            [
              120.6356921,
              14.0326948
            ],
            [
              120.6352925,
              14.0327013
            ],
            [
              120.6351726,
              14.0327594
            ],
            [
              120.6351326,
              14.0328822
            ],
            [
              120.635066,
              14.032992
            ],
            [
              120.6348929,
              14.0332182
            ],
            [
              120.6346731,
              14.0335283
            ],
            [
              120.6345998,
              14.0336511
            ],
            [
              120.6345598,
              14.0337868
            ],
            [
              120.6345532,
              14.0340453
            ],
            [
              120.6346398,
              14.0343037
            ],
            [
              120.6346398,
              14.0345686
            ],
            [
              120.6345798,
              14.0346849
            ],
            [
              120.6344799,
              14.0347754
            ],
            [
              120.63436,
              14.0348206
            ],
            [
              120.6336674,
              14.0348206
            ],
            [
              120.6334343,
              14.0349046
            ],
            [
              120.6333677,
              14.0350339
            ],
            [
              120.6332811,
              14.0351243
            ],
            [
              120.6332811,
              14.0353828
            ],
            [
              120.6333344,
              14.0356929
            ],
            [
              120.633321,
              14.0359578
            ],
            [
              120.6332544,
              14.0360677
            ],
            [
              120.6332011,
              14.0361905
            ],
            [
              120.632968,
              14.0365265
            ],
            [
              120.6326017,
              14.0367009
            ],
            [
              120.6324685,
              14.0367268
            ],
            [
              120.6320622,
              14.0367461
            ],
            [
              120.6319557,
              14.0368108
            ],
            [
              120.6317026,
              14.0368495
            ],
            [
              120.6314295,
              14.0368366
            ],
            [
              120.6312763,
              14.0368431
            ],
            [
              120.632454,
              14.0468836
            ],
            [
              120.6314939,
              14.0555574
            ]
          ]
        ]
      }
    },
    {
      "type": "Feature",
      "properties": {
        "admin_level": "10",
        "border_type": "barangay",
        "boundary": "administrative",
        "name": "Prenza",
        "old_ref": "041013021",
        "population": "4273",
        "population:date": "2024-07-01",
        "ref": "0401013021",
        "type": "boundary",
        "osm_id": 17362621
      },
      "geometry": {
        "type": "Polygon",
        "coordinates": [
          [
            [
              120.6371189,
              13.9971508
            ],
            [
              120.6330672,
              14.0226531
            ],
            [
              120.6296013,
              14.0323784
            ],
            [
              120.6312763,
              14.0368431
            ],
            [
              120.6314295,
              14.0368366
            ],
            [
              120.6317026,
              14.0368495
            ],
            [
              120.6319557,
              14.0368108
            ],
            [
              120.6320622,
              14.0367461
            ],
            [
              120.6324685,
              14.0367268
            ],
            [
              120.6326017,
              14.0367009
            ],
            [
              120.632968,
              14.0365265
            ],
            [
              120.6332011,
              14.0361905
            ],
            [
              120.6332544,
              14.0360677
            ],
            [
              120.633321,
              14.0359578
            ],
            [
              120.6333344,
              14.0356929
            ],
            [
              120.6332811,
              14.0353828
            ],
            [
              120.6332811,
              14.0351243
            ],
            [
              120.6333677,
              14.0350339
            ],
            [
              120.6334343,
              14.0349046
            ],
            [
              120.6336674,
              14.0348206
            ],
            [
              120.63436,
              14.0348206
            ],
            [
              120.6344799,
              14.0347754
            ],
            [
              120.6345798,
              14.0346849
            ],
            [
              120.6346398,
              14.0345686
            ],
            [
              120.6346398,
              14.0343037
            ],
            [
              120.6345532,
              14.0340453
            ],
            [
              120.6345598,
              14.0337868
            ],
            [
              120.6345998,
              14.0336511
            ],
            [
              120.6346731,
              14.0335283
            ],
            [
              120.6348929,
              14.0332182
            ],
            [
              120.635066,
              14.032992
            ],
            [
              120.6351326,
              14.0328822
            ],
            [
              120.6351726,
              14.0327594
            ],
            [
              120.6352925,
              14.0327013
            ],
            [
              120.6356921,
              14.0326948
            ],
            [
              120.6359252,
              14.0328176
            ],
            [
              120.6359985,
              14.0329274
            ],
            [
              120.6360584,
              14.0330502
            ],
            [
              120.636145,
              14.0333087
            ],
            [
              120.6362782,
              14.0335542
            ],
            [
              120.6363448,
              14.033664
            ],
            [
              120.6364913,
              14.0338902
            ],
            [
              120.6365712,
              14.034
            ],
            [
              120.6366578,
              14.034097
            ],
            [
              120.636771,
              14.0341616
            ],
            [
              120.6369109,
              14.034181
            ],
            [
              120.6370441,
              14.0341422
            ],
            [
              120.6371573,
              14.0340776
            ],
            [
              120.6372639,
              14.034
            ],
            [
              120.6373572,
              14.0339096
            ],
            [
              120.6374371,
              14.0338062
            ],
            [
              120.6375103,
              14.0337028
            ],
            [
              120.63789,
              14.0331019
            ],
            [
              120.6379566,
              14.0329985
            ],
            [
              120.6381963,
              14.0325268
            ],
            [
              120.6382256,
              14.0324498
            ],
            [
              120.638243,
              14.032404
            ],
            [
              120.6382296,
              14.0322619
            ],
            [
              120.6380032,
              14.0319194
            ],
            [
              120.6379832,
              14.0317902
            ],
            [
              120.6379832,
              14.0316545
            ],
            [
              120.6380298,
              14.0315124
            ],
            [
              120.638243,
              14.0312151
            ],
            [
              120.6384761,
              14.0310988
            ],
            [
              120.638556,
              14.0309954
            ],
            [
              120.6386159,
              14.0308791
            ],
            [
              120.6386759,
              14.0306142
            ],
            [
              120.6387558,
              14.0305108
            ],
            [
              120.638949,
              14.0303299
            ],
            [
              120.6391221,
              14.0301942
            ],
            [
              120.6391684,
              14.0297916
            ],
            [
              120.6391751,
              14.0293975
            ],
            [
              120.6391951,
              14.0292682
            ],
            [
              120.6391951,
              14.0291325
            ],
            [
              120.6392284,
              14.0288741
            ],
            [
              120.639255,
              14.0287319
            ],
            [
              120.6393616,
              14.0284412
            ],
            [
              120.639295,
              14.0283248
            ],
            [
              120.6391751,
              14.0282344
            ],
            [
              120.6390752,
              14.028131
            ],
            [
              120.6390019,
              14.0280147
            ],
            [
              120.6389753,
              14.0278855
            ],
            [
              120.6389686,
              14.0277433
            ],
            [
              120.6389952,
              14.0276205
            ],
            [
              120.6390752,
              14.0273685
            ],
            [
              120.6392017,
              14.0271488
            ],
            [
              120.6393216,
              14.0269162
            ],
            [
              120.6393749,
              14.0267999
            ],
            [
              120.6394148,
              14.0266707
            ],
            [
              120.6394348,
              14.0265479
            ],
            [
              120.6394215,
              14.0262377
            ],
            [
              120.6394748,
              14.0261085
            ],
            [
              120.6395081,
              14.0259793
            ],
            [
              120.6395547,
              14.0258565
            ],
            [
              120.6395414,
              14.0255592
            ],
            [
              120.6395614,
              14.0254365
            ],
            [
              120.6396746,
              14.0251974
            ],
            [
              120.6398344,
              14.0249906
            ],
            [
              120.6399477,
              14.0249325
            ],
            [
              120.6400809,
              14.0249195
            ],
            [
              120.6402074,
              14.024926
            ],
            [
              120.640334,
              14.0249842
            ],
            [
              120.6404605,
              14.0250294
            ],
            [
              120.6405937,
              14.0250617
            ],
            [
              120.6407203,
              14.0251199
            ],
            [
              120.6408601,
              14.0251392
            ],
            [
              120.6410133,
              14.0251974
            ],
            [
              120.6411398,
              14.0252297
            ],
            [
              120.6412864,
              14.0252362
            ],
            [
              120.6420923,
              14.0255399
            ],
            [
              120.6422122,
              14.0255851
            ],
            [
              120.6427716,
              14.0257273
            ],
            [
              120.6428915,
              14.0257725
            ],
            [
              120.643018,
              14.0258242
            ],
            [
              120.6432711,
              14.0259534
            ],
            [
              120.6438706,
              14.0262894
            ],
            [
              120.6441436,
              14.0263411
            ],
            [
              120.6442702,
              14.0263605
            ],
            [
              120.6443967,
              14.026367
            ],
            [
              120.6446498,
              14.026367
            ],
            [
              120.6449162,
              14.0263928
            ],
            [
              120.6451826,
              14.026438
            ],
            [
              120.6456422,
              14.0265414
            ],
            [
              120.6459419,
              14.0265414
            ],
            [
              120.6460618,
              14.0264962
            ],
            [
              120.6463482,
              14.0264251
            ],
            [
              120.646488,
              14.0264122
            ],
            [
              120.6466346,
              14.0263928
            ],
            [
              120.6467678,
              14.0263928
            ],
            [
              120.6472407,
              14.0264574
            ],
            [
              120.6473672,
              14.0264833
            ],
            [
              120.6475071,
              14.0264833
            ],
            [
              120.6476336,
              14.0265091
            ],
            [
              120.6477668,
              14.0265285
            ],
            [
              120.6481531,
              14.0266577
            ],
            [
              120.6482863,
              14.0266836
            ],
            [
              120.6493719,
              14.0267611
            ],
            [
              120.6495118,
              14.0267934
            ],
            [
              120.649665,
              14.0268257
            ],
            [
              120.6498182,
              14.026871
            ],
            [
              120.6501046,
              14.0269485
            ],
            [
              120.650391,
              14.0269808
            ],
            [
              120.650684,
              14.0270067
            ],
            [
              120.6508172,
              14.0270067
            ],
            [
              120.6510703,
              14.0269808
            ],
            [
              120.6512302,
              14.0269485
            ],
            [
              120.6518163,
              14.026871
            ],
            [
              120.6521226,
              14.0268645
            ],
            [
              120.6526888,
              14.0268645
            ],
            [
              120.6528086,
              14.0268128
            ],
            [
              120.6529552,
              14.0265931
            ],
            [
              120.653075,
              14.0265091
            ],
            [
              120.6532749,
              14.0263411
            ],
            [
              120.6533866,
              14.0263207
            ],
            [
              120.6535158,
              14.0262755
            ],
            [
              120.6535734,
              14.0262791
            ],
            [
              120.6536557,
              14.0262858
            ],
            [
              120.6537744,
              14.0263088
            ],
            [
              120.6539336,
              14.0263291
            ],
            [
              120.6541012,
              14.0263505
            ],
            [
              120.6543176,
              14.0262948
            ],
            [
              120.6546002,
              14.026115
            ],
            [
              120.6547002,
              14.026031
            ],
            [
              120.6547867,
              14.025934
            ],
            [
              120.6548667,
              14.0258242
            ],
            [
              120.6549865,
              14.0255786
            ],
            [
              120.6550864,
              14.0253266
            ],
            [
              120.6551464,
              14.0252103
            ],
            [
              120.6552263,
              14.0251005
            ],
            [
              120.6552863,
              14.0249842
            ],
            [
              120.6553728,
              14.0248808
            ],
            [
              120.6555393,
              14.0247645
            ],
            [
              120.6556592,
              14.0247192
            ],
            [
              120.6557791,
              14.0246417
            ],
            [
              120.6559057,
              14.0245965
            ],
            [
              120.6560255,
              14.0245383
            ],
            [
              120.6561321,
              14.0244543
            ],
            [
              120.6562054,
              14.0243509
            ],
            [
              120.6563119,
              14.0241054
            ],
            [
              120.6563519,
              14.0239826
            ],
            [
              120.6563719,
              14.023485
            ],
            [
              120.6563985,
              14.0232266
            ],
            [
              120.6562853,
              14.0229746
            ],
            [
              120.656252,
              14.0228324
            ],
            [
              120.6562254,
              14.0226967
            ],
            [
              120.656212,
              14.0225675
            ],
            [
              120.656212,
              14.0223025
            ],
            [
              120.6562187,
              14.0221733
            ],
            [
              120.6562587,
              14.0220505
            ],
            [
              120.6564185,
              14.0217468
            ],
            [
              120.6565983,
              14.0215594
            ],
            [
              120.6566183,
              14.0214302
            ],
            [
              120.6566183,
              14.021288
            ],
            [
              120.6565917,
              14.0211652
            ],
            [
              120.6565917,
              14.0210425
            ],
            [
              120.6566383,
              14.0209132
            ],
            [
              120.6567049,
              14.0207969
            ],
            [
              120.6567382,
              14.0206677
            ],
            [
              120.6566583,
              14.0205578
            ],
            [
              120.6565917,
              14.0204351
            ],
            [
              120.6563186,
              14.0203123
            ],
            [
              120.6562254,
              14.020196
            ],
            [
              120.6559323,
              14.0196919
            ],
            [
              120.6559456,
              14.0193042
            ],
            [
              120.655939,
              14.0190393
            ],
            [
              120.6558524,
              14.0186516
            ],
            [
              120.6557991,
              14.0185159
            ],
            [
              120.655586,
              14.018154
            ],
            [
              120.6553928,
              14.0179278
            ],
            [
              120.6553462,
              14.0177921
            ],
            [
              120.6553462,
              14.0176629
            ],
            [
              120.6553995,
              14.0175466
            ],
            [
              120.6555393,
              14.0173333
            ],
            [
              120.6556392,
              14.0172429
            ],
            [
              120.6557791,
              14.0172106
            ],
            [
              120.6559123,
              14.0172623
            ],
            [
              120.6560255,
              14.0173398
            ],
            [
              120.6562587,
              14.0174626
            ],
            [
              120.6563719,
              14.0175401
            ],
            [
              120.6565051,
              14.0176047
            ],
            [
              120.6566116,
              14.0176952
            ],
            [
              120.6567449,
              14.0176823
            ],
            [
              120.6567981,
              14.0175724
            ],
            [
              120.6568181,
              14.0174432
            ],
            [
              120.6568115,
              14.0172558
            ],
            [
              120.6567049,
              14.0171589
            ],
            [
              120.6565717,
              14.0171007
            ],
            [
              120.6565051,
              14.0169844
            ],
            [
              120.656585,
              14.0168358
            ],
            [
              120.6567116,
              14.0168164
            ],
            [
              120.6569846,
              14.0167324
            ],
            [
              120.6570645,
              14.016629
            ],
            [
              120.6570512,
              14.0164998
            ],
            [
              120.6569513,
              14.0164093
            ],
            [
              120.6568381,
              14.0163253
            ],
            [
              120.6567715,
              14.0162025
            ],
            [
              120.6567315,
              14.0160733
            ],
            [
              120.6567116,
              14.015944
            ],
            [
              120.6567249,
              14.0158083
            ],
            [
              120.6567848,
              14.015692
            ],
            [
              120.6570379,
              14.0153689
            ],
            [
              120.6572577,
              14.0152074
            ],
            [
              120.6572644,
              14.0150781
            ],
            [
              120.6572177,
              14.0149489
            ],
            [
              120.6571578,
              14.0146969
            ],
            [
              120.6571578,
              14.0145612
            ],
            [
              120.6571178,
              14.0142122
            ],
            [
              120.6571178,
              14.0140765
            ],
            [
              120.6570978,
              14.0139667
            ],
            [
              120.6570312,
              14.0138439
            ],
            [
              120.6569114,
              14.0137663
            ],
            [
              120.6568448,
              14.0136565
            ],
            [
              120.6567848,
              14.0135143
            ],
            [
              120.6567582,
              14.0133786
            ],
            [
              120.6568115,
              14.0132429
            ],
            [
              120.6568847,
              14.0129909
            ],
            [
              120.6569513,
              14.0126032
            ],
            [
              120.6569447,
              14.012196
            ],
            [
              120.6569114,
              14.0120603
            ],
            [
              120.6567515,
              14.0120086
            ],
            [
              120.6566116,
              14.012028
            ],
            [
              120.6564718,
              14.0120797
            ],
            [
              120.6563319,
              14.0121056
            ],
            [
              120.6561854,
              14.0121314
            ],
            [
              120.6557392,
              14.0121314
            ],
            [
              120.6555726,
              14.0121185
            ],
            [
              120.6554328,
              14.0120345
            ],
            [
              120.6553196,
              14.0119505
            ],
            [
              120.655193,
              14.0117179
            ],
            [
              120.6551464,
              14.0115886
            ],
            [
              120.6551131,
              14.0113172
            ],
            [
              120.6551131,
              14.0111815
            ],
            [
              120.6551264,
              14.0110523
            ],
            [
              120.6551197,
              14.0107873
            ],
            [
              120.6551664,
              14.0106516
            ],
            [
              120.6554061,
              14.0105224
            ],
            [
              120.6556659,
              14.0103996
            ],
            [
              120.6557991,
              14.0103543
            ],
            [
              120.6560255,
              14.0102186
            ],
            [
              120.6561055,
              14.0101152
            ],
            [
              120.6561188,
              14.0099925
            ],
            [
              120.6560522,
              14.0098632
            ],
            [
              120.6559123,
              14.0098115
            ],
            [
              120.6558058,
              14.0097275
            ],
            [
              120.6557258,
              14.0096177
            ],
            [
              120.6557591,
              14.0094884
            ],
            [
              120.6558324,
              14.0093786
            ],
            [
              120.655899,
              14.0091136
            ],
            [
              120.6570703,
              14.0064776
            ],
            [
              120.6595879,
              14.0039246
            ],
            [
              120.6581474,
              13.9986811
            ],
            [
              120.6371189,
              13.9971508
            ]
          ]
        ]
      }
    },
    {
      "type": "Feature",
      "properties": {
        "admin_level": "10",
        "border_type": "barangay",
        "boundary": "administrative",
        "name": "Humayingan",
        "old_ref": "041013008",
        "population": "1729",
        "population:date": "2024-07-01",
        "ref": "0401013008",
        "type": "boundary",
        "osm_id": 17362622
      },
      "geometry": {
        "type": "Polygon",
        "coordinates": [
          [
            [
              120.6581474,
              13.9986811
            ],
            [
              120.6556845,
              13.9868928
            ],
            [
              120.6709098,
              13.9794223
            ],
            [
              120.6816816,
              13.9927065
            ],
            [
              120.684793,
              14.0043763
            ],
            [
              120.682967,
              14.0025766
            ],
            [
              120.6809341,
              14.0007392
            ],
            [
              120.6786784,
              13.9995503
            ],
            [
              120.6769239,
              13.9988748
            ],
            [
              120.6749746,
              13.9985775
            ],
            [
              120.6733037,
              13.9986586
            ],
            [
              120.6712151,
              13.9993611
            ],
            [
              120.6696556,
              13.9999016
            ],
            [
              120.6595879,
              14.0039246
            ],
            [
              120.6581474,
              13.9986811
            ]
          ]
        ]
      }
    },
    {
      "type": "Feature",
      "properties": {
        "admin_level": "10",
        "alt_name": "Puting-Kahoy",
        "border_type": "barangay",
        "boundary": "administrative",
        "name": "Puting Kahoy",
        "old_ref": "041013022",
        "population": "2870",
        "population:date": "2024-07-01",
        "ref": "0401013022",
        "type": "boundary",
        "osm_id": 17362623
      },
      "geometry": {
        "type": "Polygon",
        "coordinates": [
          [
            [
              120.6556845,
              13.9868928
            ],
            [
              120.6487531,
              13.9686548
            ],
            [
              120.6487523,
              13.9686529
            ],
            [
              120.637099,
              13.977524
            ],
            [
              120.6371189,
              13.9971508
            ],
            [
              120.6581474,
              13.9986811
            ],
            [
              120.6556845,
              13.9868928
            ]
          ]
        ]
      }
    },
    {
      "type": "Feature",
      "properties": {
        "admin_level": "10",
        "border_type": "barangay",
        "boundary": "administrative",
        "name": "Cumba",
        "old_ref": "041013007",
        "population": "1587",
        "population:date": "2024-07-01",
        "ref": "0401013007",
        "type": "boundary",
        "osm_id": 17362624
      },
      "geometry": {
        "type": "Polygon",
        "coordinates": [
          [
            [
              120.6709098,
              13.9794223
            ],
            [
              120.6556845,
              13.9868928
            ],
            [
              120.6487531,
              13.9686548
            ],
            [
              120.6533348,
              13.9652573
            ],
            [
              120.6562846,
              13.9648605
            ],
            [
              120.6575989,
              13.964237
            ],
            [
              120.6585637,
              13.9636459
            ],
            [
              120.6592116,
              13.9628475
            ],
            [
              120.6596744,
              13.9619992
            ],
            [
              120.6604385,
              13.96064
            ],
            [
              120.6624984,
              13.9652628
            ],
            [
              120.6715965,
              13.9748414
            ],
            [
              120.6709098,
              13.9794223
            ]
          ]
        ]
      }
    },
    {
      "type": "Feature",
      "properties": {
        "admin_level": "10",
        "border_type": "barangay",
        "boundary": "administrative",
        "name": "Lumaniag",
        "old_ref": "041013012",
        "population": "2524",
        "population:date": "2024-07-01",
        "ref": "0401013012",
        "type": "boundary",
        "osm_id": 17362625
      },
      "geometry": {
        "type": "Polygon",
        "coordinates": [
          [
            [
              120.6296013,
              14.0323784
            ],
            [
              120.628489,
              14.0304009
            ],
            [
              120.6275264,
              14.0287934
            ],
            [
              120.6264849,
              14.0275992
            ],
            [
              120.62497,
              14.0264663
            ],
            [
              120.622524,
              14.0258386
            ],
            [
              120.6195281,
              14.0254971
            ],
            [
              120.6195107,
              14.025099
            ],
            [
              120.6194517,
              14.0246253
            ],
            [
              120.6193551,
              14.024183
            ],
            [
              120.6192505,
              14.0237809
            ],
            [
              120.6191835,
              14.0237171
            ],
            [
              120.6191137,
              14.0236898
            ],
            [
              120.618986,
              14.0236674
            ],
            [
              120.6188817,
              14.0236579
            ],
            [
              120.6187885,
              14.0236514
            ],
            [
              120.6186524,
              14.0236508
            ],
            [
              120.6185357,
              14.0236456
            ],
            [
              120.6184432,
              14.0235994
            ],
            [
              120.6183989,
              14.0235604
            ],
            [
              120.6183869,
              14.023479
            ],
            [
              120.6183909,
              14.0234075
            ],
            [
              120.6184351,
              14.0233372
            ],
            [
              120.6185089,
              14.023319
            ],
            [
              120.6186464,
              14.0233099
            ],
            [
              120.6187295,
              14.0233053
            ],
            [
              120.618867,
              14.0233034
            ],
            [
              120.6189682,
              14.0232839
            ],
            [
              120.6190366,
              14.0232344
            ],
            [
              120.6190641,
              14.0231804
            ],
            [
              120.6190735,
              14.0230946
            ],
            [
              120.6190762,
              14.0229091
            ],
            [
              120.619044,
              14.0226593
            ],
            [
              120.6189823,
              14.0221532
            ],
            [
              120.6188536,
              14.0215312
            ],
            [
              120.6186336,
              14.0207037
            ],
            [
              120.6185921,
              14.0205918
            ],
            [
              120.6185552,
              14.0205573
            ],
            [
              120.6185022,
              14.0205463
            ],
            [
              120.6183433,
              14.0205742
            ],
            [
              120.6183071,
              14.0205755
            ],
            [
              120.6182816,
              14.0205619
            ],
            [
              120.6181911,
              14.020478
            ],
            [
              120.6181046,
              14.0204077
            ],
            [
              120.6180288,
              14.0203293
            ],
            [
              120.6180221,
              14.0203143
            ],
            [
              120.6180234,
              14.020299
            ],
            [
              120.6181716,
              14.0201188
            ],
            [
              120.6182407,
              14.0200759
            ],
            [
              120.618301,
              14.0200765
            ],
            [
              120.6185625,
              14.0202223
            ],
            [
              120.6187919,
              14.0203108
            ],
            [
              120.6189381,
              14.0203147
            ],
            [
              120.6190601,
              14.020273
            ],
            [
              120.6192452,
              14.0200922
            ],
            [
              120.619386,
              14.0198632
            ],
            [
              120.619445,
              14.0196641
            ],
            [
              120.6194852,
              14.0194676
            ],
            [
              120.6195134,
              14.0192646
            ],
            [
              120.619555,
              14.0190799
            ],
            [
              120.6196006,
              14.0189367
            ],
            [
              120.6196488,
              14.0187494
            ],
            [
              120.6196944,
              14.0185997
            ],
            [
              120.6197347,
              14.0184631
            ],
            [
              120.6198058,
              14.018294
            ],
            [
              120.6198809,
              14.0180871
            ],
            [
              120.619913,
              14.0179479
            ],
            [
              120.6199251,
              14.0178112
            ],
            [
              120.6199157,
              14.0176408
            ],
            [
              120.6198607,
              14.0173844
            ],
            [
              120.6197414,
              14.0171632
            ],
            [
              120.6195885,
              14.0169616
            ],
            [
              120.6192774,
              14.0167013
            ],
            [
              120.6188107,
              14.016255
            ],
            [
              120.61869,
              14.0161744
            ],
            [
              120.6185277,
              14.0161041
            ],
            [
              120.6181857,
              14.0160546
            ],
            [
              120.6180462,
              14.0160169
            ],
            [
              120.617943,
              14.0159545
            ],
            [
              120.6178504,
              14.0158673
            ],
            [
              120.6177498,
              14.0157228
            ],
            [
              120.6176399,
              14.0156148
            ],
            [
              120.6175219,
              14.0155303
            ],
            [
              120.6174199,
              14.0154808
            ],
            [
              120.6172255,
              14.015421
            ],
            [
              120.6170551,
              14.0153312
            ],
            [
              120.6169626,
              14.0152258
            ],
            [
              120.6168795,
              14.0150892
            ],
            [
              120.6167641,
              14.0146806
            ],
            [
              120.6164932,
              14.0142005
            ],
            [
              120.6163055,
              14.0138752
            ],
            [
              120.6160533,
              14.0136279
            ],
            [
              120.6159246,
              14.013438
            ],
            [
              120.615816,
              14.013222
            ],
            [
              120.6156617,
              14.0129539
            ],
            [
              120.6155464,
              14.0126872
            ],
            [
              120.6155357,
              14.0125805
            ],
            [
              120.6155518,
              14.0124816
            ],
            [
              120.6156363,
              14.0123424
            ],
            [
              120.615828,
              14.012155
            ],
            [
              120.6160882,
              14.0119468
            ],
            [
              120.6163698,
              14.011749
            ],
            [
              120.6165415,
              14.0115694
            ],
            [
              120.6166676,
              14.0113248
            ],
            [
              120.6167158,
              14.0110568
            ],
            [
              120.6167226,
              14.0106313
            ],
            [
              120.6167132,
              14.0097972
            ],
            [
              120.6167145,
              14.009658
            ],
            [
              120.6167547,
              14.0094992
            ],
            [
              120.6168433,
              14.0093418
            ],
            [
              120.6171611,
              14.0089618
            ],
            [
              120.6172389,
              14.0088096
            ],
            [
              120.6173703,
              14.0084517
            ],
            [
              120.617601,
              14.0077465
            ],
            [
              120.6178088,
              14.0073106
            ],
            [
              120.6179725,
              14.0071219
            ],
            [
              120.6181991,
              14.0069371
            ],
            [
              120.6187248,
              14.0066437
            ],
            [
              120.6187617,
              14.0066398
            ],
            [
              120.6188697,
              14.0066665
            ],
            [
              120.6189045,
              14.0066678
            ],
            [
              120.6191298,
              14.0065207
            ],
            [
              120.6194141,
              14.0062058
            ],
            [
              120.6195952,
              14.0060119
            ],
            [
              120.6196703,
              14.005995
            ],
            [
              120.6197548,
              14.0060184
            ],
            [
              120.6198125,
              14.0060705
            ],
            [
              120.6198527,
              14.00628
            ],
            [
              120.619913,
              14.0063672
            ],
            [
              120.6199855,
              14.0064231
            ],
            [
              120.6204388,
              14.0065585
            ],
            [
              120.6208143,
              14.0066808
            ],
            [
              120.6210235,
              14.0067237
            ],
            [
              120.6211455,
              14.0067263
            ],
            [
              120.6212273,
              14.0067107
            ],
            [
              120.6213266,
              14.0066574
            ],
            [
              120.6214151,
              14.0064817
            ],
            [
              120.6214915,
              14.0063893
            ],
            [
              120.6216149,
              14.0063047
            ],
            [
              120.6219891,
              14.0061382
            ],
            [
              120.6223793,
              14.006008
            ],
            [
              120.6227642,
              14.0059326
            ],
            [
              120.6229399,
              14.0058818
            ],
            [
              120.6231008,
              14.005805
            ],
            [
              120.6234603,
              14.0055591
            ],
            [
              120.624108,
              14.0051336
            ],
            [
              120.6245399,
              14.0048213
            ],
            [
              120.6249019,
              14.0045936
            ],
            [
              120.6252024,
              14.0043763
            ],
            [
              120.6255162,
              14.0041199
            ],
            [
              120.6258126,
              14.003913
            ],
            [
              120.625897,
              14.0038727
            ],
            [
              120.625999,
              14.0038415
            ],
            [
              120.6261317,
              14.0037933
            ],
            [
              120.6262511,
              14.003727
            ],
            [
              120.6263705,
              14.0036229
            ],
            [
              120.626522,
              14.0033938
            ],
            [
              120.6266266,
              14.0032
            ],
            [
              120.6266963,
              14.0029501
            ],
            [
              120.6267178,
              14.0027862
            ],
            [
              120.626699,
              14.0025207
            ],
            [
              120.6266373,
              14.0020783
            ],
            [
              120.6265032,
              14.0015344
            ],
            [
              120.6263772,
              14.0011023
            ],
            [
              120.6262524,
              14.0007275
            ],
            [
              120.6259815,
              14.0001049
            ],
            [
              120.62594,
              14.0000685
            ],
            [
              120.6259031,
              14.0000529
            ],
            [
              120.6257757,
              14.0000249
            ],
            [
              120.6257167,
              14.0000138
            ],
            [
              120.6256583,
              13.9999982
            ],
            [
              120.6256188,
              13.9999696
            ],
            [
              120.6255068,
              13.9997367
            ],
            [
              120.625429,
              13.999602
            ],
            [
              120.6253345,
              13.9994868
            ],
            [
              120.6253123,
              13.9994562
            ],
            [
              120.6253009,
              13.9994204
            ],
            [
              120.6253164,
              13.9992662
            ],
            [
              120.6253123,
              13.9992025
            ],
            [
              120.6252748,
              13.9991244
            ],
            [
              120.6251273,
              13.9988537
            ],
            [
              120.6249851,
              13.9985284
            ],
            [
              120.6247866,
              13.9981771
            ],
            [
              120.6247517,
              13.9980782
            ],
            [
              120.6246901,
              13.9978413
            ],
            [
              120.6245734,
              13.9975447
            ],
            [
              120.6244741,
              13.9972571
            ],
            [
              120.6244017,
              13.9970983
            ],
            [
              120.6243628,
              13.9970489
            ],
            [
              120.6243153,
              13.9970033
            ],
            [
              120.6242073,
              13.9969012
            ],
            [
              120.6241449,
              13.9968589
            ],
            [
              120.623888,
              13.9967352
            ],
            [
              120.6238123,
              13.9966793
            ],
            [
              120.6236681,
              13.9964991
            ],
            [
              120.623652,
              13.9964405
            ],
            [
              120.6236547,
              13.9963852
            ],
            [
              120.6238073,
              13.9961786
            ],
            [
              120.6238002,
              13.9961565
            ],
            [
              120.6237895,
              13.9961415
            ],
            [
              120.6237734,
              13.9961334
            ],
            [
              120.6237509,
              13.9961354
            ],
            [
              120.6235783,
              13.9961464
            ],
            [
              120.6235505,
              13.9961513
            ],
            [
              120.6235216,
              13.9961591
            ],
            [
              120.6234549,
              13.9961952
            ],
            [
              120.6234291,
              13.9962024
            ],
            [
              120.6233785,
              13.9962053
            ],
            [
              120.6233295,
              13.9962024
            ],
            [
              120.6233054,
              13.9961881
            ],
            [
              120.6232443,
              13.9961028
            ],
            [
              120.6232055,
              13.9960905
            ],
            [
              120.6231706,
              13.9960911
            ],
            [
              120.6230415,
              13.996165
            ],
            [
              120.6230113,
              13.9961607
            ],
            [
              120.6229902,
              13.9961503
            ],
            [
              120.6229711,
              13.9961276
            ],
            [
              120.6229627,
              13.9959747
            ],
            [
              120.6229573,
              13.9958751
            ],
            [
              120.6229446,
              13.9957547
            ],
            [
              120.6229573,
              13.9957222
            ],
            [
              120.6229768,
              13.9956955
            ],
            [
              120.6232028,
              13.9955159
            ],
            [
              120.6232712,
              13.9954249
            ],
            [
              120.6233007,
              13.9953286
            ],
            [
              120.6233087,
              13.9952329
            ],
            [
              120.6233013,
              13.9951581
            ],
            [
              120.623296,
              13.9950904
            ],
            [
              120.623304,
              13.9949844
            ],
            [
              120.6233181,
              13.9949043
            ],
            [
              120.6233919,
              13.994743
            ],
            [
              120.6234898,
              13.994566
            ],
            [
              120.6235588,
              13.9944515
            ],
            [
              120.623593,
              13.9944281
            ],
            [
              120.6236292,
              13.9944242
            ],
            [
              120.6236708,
              13.9944326
            ],
            [
              120.6238203,
              13.994499
            ],
            [
              120.623874,
              13.9945107
            ],
            [
              120.6239209,
              13.9945061
            ],
            [
              120.6240906,
              13.9944476
            ],
            [
              120.6241904,
              13.9943725
            ],
            [
              120.6243172,
              13.994229
            ],
            [
              120.6244647,
              13.9940546
            ],
            [
              120.6246331,
              13.9938047
            ],
            [
              120.6246606,
              13.9937501
            ],
            [
              120.62468,
              13.9936993
            ],
            [
              120.6246827,
              13.9935725
            ],
            [
              120.6246968,
              13.9934879
            ],
            [
              120.624733,
              13.9933122
            ],
            [
              120.6247692,
              13.9932374
            ],
            [
              120.6248295,
              13.9931658
            ],
            [
              120.6249784,
              13.9929953
            ],
            [
              120.6250969,
              13.9928583
            ],
            [
              120.6252461,
              13.9926552
            ],
            [
              120.6254192,
              13.9924529
            ],
            [
              120.6256396,
              13.9922015
            ],
            [
              120.6260607,
              13.9917226
            ],
            [
              120.6262377,
              13.9914754
            ],
            [
              120.6262927,
              13.9912997
            ],
            [
              120.6263208,
              13.991124
            ],
            [
              120.6263465,
              13.9907951
            ],
            [
              120.6263718,
              13.9905072
            ],
            [
              120.6264603,
              13.9899529
            ],
            [
              120.6265944,
              13.9896145
            ],
            [
              120.6267875,
              13.9892762
            ],
            [
              120.6269991,
              13.9889896
            ],
            [
              120.62726,
              13.988774
            ],
            [
              120.6274956,
              13.9886292
            ],
            [
              120.6277853,
              13.9885214
            ],
            [
              120.6282628,
              13.9883301
            ],
            [
              120.6284317,
              13.9882872
            ],
            [
              120.6284975,
              13.9882956
            ],
            [
              120.6285377,
              13.988321
            ],
            [
              120.6285805,
              13.988412
            ],
            [
              120.6286108,
              13.9884817
            ],
            [
              120.6286409,
              13.9884967
            ],
            [
              120.6286758,
              13.9885025
            ],
            [
              120.6287938,
              13.9884056
            ],
            [
              120.6290567,
              13.9881232
            ],
            [
              120.6293463,
              13.9877359
            ],
            [
              120.6294453,
              13.9876468
            ],
            [
              120.6295499,
              13.9875682
            ],
            [
              120.6297253,
              13.9873785
            ],
            [
              120.6298,
              13.9872762
            ],
            [
              120.6298977,
              13.9871683
            ],
            [
              120.6300137,
              13.9870427
            ],
            [
              120.6300902,
              13.9869655
            ],
            [
              120.630159,
              13.9868862
            ],
            [
              120.6302382,
              13.9867906
            ],
            [
              120.630312,
              13.9866813
            ],
            [
              120.6304729,
              13.9863495
            ],
            [
              120.6305587,
              13.9861842
            ],
            [
              120.6306285,
              13.9860892
            ],
            [
              120.630713,
              13.9860202
            ],
            [
              120.6308055,
              13.9859083
            ],
            [
              120.63089,
              13.9858289
            ],
            [
              120.631008,
              13.9857339
            ],
            [
              120.6310603,
              13.9856649
            ],
            [
              120.6311059,
              13.9855296
            ],
            [
              120.6311341,
              13.9854763
            ],
            [
              120.631177,
              13.9854333
            ],
            [
              120.6314559,
              13.9852342
            ],
            [
              120.6315766,
              13.9851405
            ],
            [
              120.6316893,
              13.9850312
            ],
            [
              120.6319723,
              13.9846434
            ],
            [
              120.6321359,
              13.9843493
            ],
            [
              120.6322271,
              13.9840318
            ],
            [
              120.6322861,
              13.983532
            ],
            [
              120.6322512,
              13.983113
            ],
            [
              120.6321573,
              13.9827564
            ],
            [
              120.6320916,
              13.9824974
            ],
            [
              120.6320346,
              13.982368
            ],
            [
              120.631981,
              13.9823706
            ],
            [
              120.6319508,
              13.9822612
            ],
            [
              120.6319487,
              13.9822614
            ],
            [
              120.637099,
              13.977524
            ],
            [
              120.6371189,
              13.9971508
            ],
            [
              120.6330672,
              14.0226531
            ],
            [
              120.6296013,
              14.0323784
            ]
          ]
        ]
      }
    },
    {
      "type": "Feature",
      "properties": {
        "admin_level": "10",
        "border_type": "barangay",
        "boundary": "administrative",
        "name": "Kapito",
        "old_ref": "041013009",
        "population": "3543",
        "population:date": "2024-07-01",
        "ref": "0401013009",
        "type": "boundary",
        "osm_id": 17362626
      },
      "geometry": {
        "type": "Polygon",
        "coordinates": [
          [
            [
              120.6688502,
              14.0327072
            ],
            [
              120.6872177,
              14.0214167
            ],
            [
              120.6881824,
              14.0167711
            ],
            [
              120.6865016,
              14.0114471
            ],
            [
              120.6869119,
              14.0080666
            ],
            [
              120.684793,
              14.0043763
            ],
            [
              120.682967,
              14.0025766
            ],
            [
              120.6809341,
              14.0007392
            ],
            [
              120.6786784,
              13.9995503
            ],
            [
              120.6769239,
              13.9988748
            ],
            [
              120.6749746,
              13.9985775
            ],
            [
              120.6733037,
              13.9986586
            ],
            [
              120.6712151,
              13.9993611
            ],
            [
              120.6696556,
              13.9999016
            ],
            [
              120.6595879,
              14.0039246
            ],
            [
              120.6570703,
              14.0064776
            ],
            [
              120.655899,
              14.0091136
            ],
            [
              120.6558324,
              14.0093786
            ],
            [
              120.6557591,
              14.0094884
            ],
            [
              120.6557258,
              14.0096177
            ],
            [
              120.6558058,
              14.0097275
            ],
            [
              120.6559123,
              14.0098115
            ],
            [
              120.6560522,
              14.0098632
            ],
            [
              120.6561188,
              14.0099925
            ],
            [
              120.6561055,
              14.0101152
            ],
            [
              120.6560255,
              14.0102186
            ],
            [
              120.6557991,
              14.0103543
            ],
            [
              120.6556659,
              14.0103996
            ],
            [
              120.6554061,
              14.0105224
            ],
            [
              120.6551664,
              14.0106516
            ],
            [
              120.6551197,
              14.0107873
            ],
            [
              120.6551264,
              14.0110523
            ],
            [
              120.6551131,
              14.0111815
            ],
            [
              120.6551131,
              14.0113172
            ],
            [
              120.6551464,
              14.0115886
            ],
            [
              120.655193,
              14.0117179
            ],
            [
              120.6553196,
              14.0119505
            ],
            [
              120.6554328,
              14.0120345
            ],
            [
              120.6555726,
              14.0121185
            ],
            [
              120.6557392,
              14.0121314
            ],
            [
              120.6561854,
              14.0121314
            ],
            [
              120.6563319,
              14.0121056
            ],
            [
              120.6564718,
              14.0120797
            ],
            [
              120.6566116,
              14.012028
            ],
            [
              120.6567515,
              14.0120086
            ],
            [
              120.6569114,
              14.0120603
            ],
            [
              120.6569447,
              14.012196
            ],
            [
              120.6569513,
              14.0126032
            ],
            [
              120.6568847,
              14.0129909
            ],
            [
              120.6568115,
              14.0132429
            ],
            [
              120.6567582,
              14.0133786
            ],
            [
              120.6567848,
              14.0135143
            ],
            [
              120.6568448,
              14.0136565
            ],
            [
              120.6569114,
              14.0137663
            ],
            [
              120.6570312,
              14.0138439
            ],
            [
              120.6570978,
              14.0139667
            ],
            [
              120.6571178,
              14.0140765
            ],
            [
              120.6571178,
              14.0142122
            ],
            [
              120.6571578,
              14.0145612
            ],
            [
              120.6571578,
              14.0146969
            ],
            [
              120.6572177,
              14.0149489
            ],
            [
              120.6572644,
              14.0150781
            ],
            [
              120.6572577,
              14.0152074
            ],
            [
              120.6570379,
              14.0153689
            ],
            [
              120.6567848,
              14.015692
            ],
            [
              120.6567249,
              14.0158083
            ],
            [
              120.6567116,
              14.015944
            ],
            [
              120.6567315,
              14.0160733
            ],
            [
              120.6567715,
              14.0162025
            ],
            [
              120.6568381,
              14.0163253
            ],
            [
              120.6569513,
              14.0164093
            ],
            [
              120.6570512,
              14.0164998
            ],
            [
              120.6570645,
              14.016629
            ],
            [
              120.6569846,
              14.0167324
            ],
            [
              120.6567116,
              14.0168164
            ],
            [
              120.656585,
              14.0168358
            ],
            [
              120.6565051,
              14.0169844
            ],
            [
              120.6565717,
              14.0171007
            ],
            [
              120.6567049,
              14.0171589
            ],
            [
              120.6568115,
              14.0172558
            ],
            [
              120.6568181,
              14.0174432
            ],
            [
              120.6567981,
              14.0175724
            ],
            [
              120.6567449,
              14.0176823
            ],
            [
              120.6566116,
              14.0176952
            ],
            [
              120.6565051,
              14.0176047
            ],
            [
              120.6563719,
              14.0175401
            ],
            [
              120.6562587,
              14.0174626
            ],
            [
              120.6560255,
              14.0173398
            ],
            [
              120.6559123,
              14.0172623
            ],
            [
              120.6557791,
              14.0172106
            ],
            [
              120.6556392,
              14.0172429
            ],
            [
              120.6555393,
              14.0173333
            ],
            [
              120.6553995,
              14.0175466
            ],
            [
              120.6553462,
              14.0176629
            ],
            [
              120.6553462,
              14.0177921
            ],
            [
              120.6553928,
              14.0179278
            ],
            [
              120.655586,
              14.018154
            ],
            [
              120.6557991,
              14.0185159
            ],
            [
              120.6558524,
              14.0186516
            ],
            [
              120.655939,
              14.0190393
            ],
            [
              120.6559456,
              14.0193042
            ],
            [
              120.6559323,
              14.0196919
            ],
            [
              120.6562254,
              14.020196
            ],
            [
              120.6563186,
              14.0203123
            ],
            [
              120.6565917,
              14.0204351
            ],
            [
              120.6566583,
              14.0205578
            ],
            [
              120.6567382,
              14.0206677
            ],
            [
              120.6567049,
              14.0207969
            ],
            [
              120.6566383,
              14.0209132
            ],
            [
              120.6565917,
              14.0210425
            ],
            [
              120.6565917,
              14.0211652
            ],
            [
              120.6566183,
              14.021288
            ],
            [
              120.6566183,
              14.0214302
            ],
            [
              120.6565983,
              14.0215594
            ],
            [
              120.6564185,
              14.0217468
            ],
            [
              120.6562587,
              14.0220505
            ],
            [
              120.6562187,
              14.0221733
            ],
            [
              120.656212,
              14.0223025
            ],
            [
              120.656212,
              14.0225675
            ],
            [
              120.6562254,
              14.0226967
            ],
            [
              120.656252,
              14.0228324
            ],
            [
              120.6562853,
              14.0229746
            ],
            [
              120.6563985,
              14.0232266
            ],
            [
              120.6563719,
              14.023485
            ],
            [
              120.6563519,
              14.0239826
            ],
            [
              120.6563119,
              14.0241054
            ],
            [
              120.6562054,
              14.0243509
            ],
            [
              120.6561321,
              14.0244543
            ],
            [
              120.6560255,
              14.0245383
            ],
            [
              120.6559057,
              14.0245965
            ],
            [
              120.6557791,
              14.0246417
            ],
            [
              120.6556592,
              14.0247192
            ],
            [
              120.6555393,
              14.0247645
            ],
            [
              120.6553728,
              14.0248808
            ],
            [
              120.6552863,
              14.0249842
            ],
            [
              120.6552263,
              14.0251005
            ],
            [
              120.6551464,
              14.0252103
            ],
            [
              120.6550864,
              14.0253266
            ],
            [
              120.6549865,
              14.0255786
            ],
            [
              120.6548667,
              14.0258242
            ],
            [
              120.6547867,
              14.025934
            ],
            [
              120.6547002,
              14.026031
            ],
            [
              120.6546002,
              14.026115
            ],
            [
              120.6543176,
              14.0262948
            ],
            [
              120.6541012,
              14.0263505
            ],
            [
              120.6539336,
              14.0263291
            ],
            [
              120.6538033,
              14.0331481
            ],
            [
              120.6554076,
              14.0329776
            ],
            [
              120.6548034,
              14.0362499
            ],
            [
              120.6592,
              14.0357127
            ],
            [
              120.6688502,
              14.0327072
            ]
          ]
        ]
      }
    },
    {
      "type": "Feature",
      "properties": {
        "admin_level": "10",
        "border_type": "barangay",
        "boundary": "administrative",
        "name": "Binubusan",
        "old_ref": "041013004",
        "population": "4734",
        "population:date": "2024-07-01",
        "ref": "0401013004",
        "type": "boundary",
        "osm_id": 17369235
      },
      "geometry": {
        "type": "Polygon",
        "coordinates": [
          [
            [
              120.6250763,
              13.9688067
            ],
            [
              120.6277059,
              13.9541128
            ],
            [
              120.6526977,
              13.9505089
            ],
            [
              120.6583142,
              13.9537888
            ],
            [
              120.6632924,
              13.9566626
            ],
            [
              120.6604385,
              13.96064
            ],
            [
              120.6596744,
              13.9619992
            ],
            [
              120.6592116,
              13.9628475
            ],
            [
              120.6585637,
              13.9636459
            ],
            [
              120.6575989,
              13.964237
            ],
            [
              120.6562846,
              13.9648605
            ],
            [
              120.6533348,
              13.9652573
            ],
            [
              120.6487531,
              13.9686548
            ],
            [
              120.6487523,
              13.9686529
            ],
            [
              120.637099,
              13.977524
            ],
            [
              120.6319487,
              13.9822614
            ],
            [
              120.6315941,
              13.9822905
            ],
            [
              120.6313419,
              13.9818129
            ],
            [
              120.6310563,
              13.9814004
            ],
            [
              120.6308269,
              13.9811453
            ],
            [
              120.6306231,
              13.9809553
            ],
            [
              120.6304219,
              13.9807367
            ],
            [
              120.6302288,
              13.9804712
            ],
            [
              120.6300625,
              13.9801875
            ],
            [
              120.6298667,
              13.9798648
            ],
            [
              120.6296816,
              13.9795707
            ],
            [
              120.6295884,
              13.9792711
            ],
            [
              120.6295475,
              13.9790286
            ],
            [
              120.6294684,
              13.9790169
            ],
            [
              120.6294624,
              13.9787287
            ],
            [
              120.6299083,
              13.9787963
            ],
            [
              120.6299552,
              13.9786415
            ],
            [
              120.6299834,
              13.9784306
            ],
            [
              120.6303629,
              13.97843
            ],
            [
              120.6303891,
              13.9784196
            ],
            [
              120.6304045,
              13.9784017
            ],
            [
              120.6304863,
              13.978214
            ],
            [
              120.6306204,
              13.9778229
            ],
            [
              120.6306244,
              13.9773583
            ],
            [
              120.6306271,
              13.9772086
            ],
            [
              120.6306365,
              13.9770473
            ],
            [
              120.6305614,
              13.9766868
            ],
            [
              120.6305319,
              13.9765879
            ],
            [
              120.6305198,
              13.9764955
            ],
            [
              120.6305185,
              13.9762209
            ],
            [
              120.6304917,
              13.9761181
            ],
            [
              120.6303012,
              13.9757732
            ],
            [
              120.6300142,
              13.9753906
            ],
            [
              120.6297299,
              13.9751147
            ],
            [
              120.6294322,
              13.9748739
            ],
            [
              120.6290755,
              13.9746488
            ],
            [
              120.6286222,
              13.9743546
            ],
            [
              120.6282708,
              13.9740579
            ],
            [
              120.6278296,
              13.9737176
            ],
            [
              120.6276566,
              13.9735959
            ],
            [
              120.6271767,
              13.9732681
            ],
            [
              120.6271456,
              13.9732281
            ],
            [
              120.6271302,
              13.973186
            ],
            [
              120.6271188,
              13.9730897
            ],
            [
              120.6271335,
              13.9730142
            ],
            [
              120.6272931,
              13.9727526
            ],
            [
              120.6273186,
              13.9726589
            ],
            [
              120.6273884,
              13.972137
            ],
            [
              120.6274058,
              13.9718859
            ],
            [
              120.627371,
              13.9716763
            ],
            [
              120.6272542,
              13.9714369
            ],
            [
              120.6271161,
              13.9712299
            ],
            [
              120.6269552,
              13.9710855
            ],
            [
              120.6268466,
              13.9710412
            ],
            [
              120.6267486,
              13.9710464
            ],
            [
              120.6266722,
              13.9710829
            ],
            [
              120.6265093,
              13.9712345
            ],
            [
              120.626461,
              13.9712631
            ],
            [
              120.6261371,
              13.9713327
            ],
            [
              120.625999,
              13.9713796
            ],
            [
              120.6258836,
              13.9714408
            ],
            [
              120.6256959,
              13.9715501
            ],
            [
              120.6255685,
              13.9715878
            ],
            [
              120.6253552,
              13.9716347
            ],
            [
              120.6251326,
              13.9716425
            ],
            [
              120.6250629,
              13.9716112
            ],
            [
              120.6250099,
              13.9715559
            ],
            [
              120.6249931,
              13.9714642
            ],
            [
              120.6250066,
              13.9712573
            ],
            [
              120.6250206,
              13.9711213
            ],
            [
              120.6250656,
              13.970984
            ],
            [
              120.6251366,
              13.9708831
            ],
            [
              120.6252037,
              13.9708369
            ],
            [
              120.6252989,
              13.9707953
            ],
            [
              120.6255189,
              13.9707634
            ],
            [
              120.6255591,
              13.970738
            ],
            [
              120.6255966,
              13.9706937
            ],
            [
              120.6256121,
              13.970643
            ],
            [
              120.6256101,
              13.9703905
            ],
            [
              120.6256382,
              13.970207
            ],
            [
              120.6256878,
              13.9700105
            ],
            [
              120.6257683,
              13.9697866
            ],
            [
              120.6258045,
              13.9695953
            ],
            [
              120.6257951,
              13.9694392
            ],
            [
              120.6257334,
              13.9692765
            ],
            [
              120.6255913,
              13.9690995
            ],
            [
              120.6253901,
              13.9689563
            ],
            [
              120.6251494,
              13.9688073
            ],
            [
              120.6251071,
              13.9687995
            ],
            [
              120.6250763,
              13.9688067
            ]
          ]
        ]
      }
    },
    {
      "type": "Feature",
      "properties": {
        "admin_level": "10",
        "border_type": "barangay",
        "boundary": "administrative",
        "name": "Luyahan",
        "old_ref": "041013013",
        "population": "2465",
        "population:date": "2024-07-01",
        "ref": "0401013013",
        "type": "boundary",
        "osm_id": 17369236
      },
      "geometry": {
        "type": "Polygon",
        "coordinates": [
          [
            [
              120.6250763,
              13.9688067
            ],
            [
              120.6249657,
              13.9688873
            ],
            [
              120.6249429,
              13.9689147
            ],
            [
              120.6249241,
              13.9689518
            ],
            [
              120.6248942,
              13.9690611
            ],
            [
              120.6248845,
              13.9690653
            ],
            [
              120.6248721,
              13.9690653
            ],
            [
              120.6248121,
              13.969049
            ],
            [
              120.6247742,
              13.9690513
            ],
            [
              120.6247491,
              13.9690656
            ],
            [
              120.6247323,
              13.9690865
            ],
            [
              120.6246947,
              13.9692127
            ],
            [
              120.6246579,
              13.96924
            ],
            [
              120.6245774,
              13.9692504
            ],
            [
              120.6245211,
              13.9692452
            ],
            [
              120.6244446,
              13.9692225
            ],
            [
              120.6243836,
              13.969186
            ],
            [
              120.6243454,
              13.9691457
            ],
            [
              120.6243246,
              13.9690826
            ],
            [
              120.6243246,
              13.9690377
            ],
            [
              120.6243434,
              13.968983
            ],
            [
              120.6244218,
              13.9687936
            ],
            [
              120.6244104,
              13.9687624
            ],
            [
              120.6243957,
              13.9687429
            ],
            [
              120.6236844,
              13.9687273
            ],
            [
              120.6232497,
              13.9687221
            ],
            [
              120.622732,
              13.9687351
            ],
            [
              120.6224249,
              13.9687312
            ],
            [
              120.6221111,
              13.968726
            ],
            [
              120.6217691,
              13.9687351
            ],
            [
              120.6216954,
              13.9687637
            ],
            [
              120.6216337,
              13.9688054
            ],
            [
              120.6214513,
              13.9689954
            ],
            [
              120.6213762,
              13.9690578
            ],
            [
              120.6212568,
              13.9691008
            ],
            [
              120.6210074,
              13.969158
            ],
            [
              120.6208009,
              13.969201
            ],
            [
              120.6205367,
              13.9692426
            ],
            [
              120.6201571,
              13.9692713
            ],
            [
              120.6198822,
              13.969296
            ],
            [
              120.6194691,
              13.9693298
            ],
            [
              120.6189287,
              13.9693598
            ],
            [
              120.6185639,
              13.9693702
            ],
            [
              120.6181388,
              13.9693715
            ],
            [
              120.6178812,
              13.9692877
            ],
            [
              120.6177002,
              13.9691619
            ],
            [
              120.6172442,
              13.9688782
            ],
            [
              120.6168956,
              13.9685984
            ],
            [
              120.616856,
              13.9685548
            ],
            [
              120.6168372,
              13.9685034
            ],
            [
              120.616858,
              13.9683407
            ],
            [
              120.6168768,
              13.9681872
            ],
            [
              120.6168634,
              13.9680121
            ],
            [
              120.61685,
              13.9679523
            ],
            [
              120.6168278,
              13.9679321
            ],
            [
              120.6167956,
              13.9679204
            ],
            [
              120.61674,
              13.9679353
            ],
            [
              120.6166815,
              13.9679601
            ],
            [
              120.6165938,
              13.9679968
            ],
            [
              120.6165697,
              13.9679959
            ],
            [
              120.6165506,
              13.9679897
            ],
            [
              120.6164279,
              13.9678904
            ],
            [
              120.6163904,
              13.9678783
            ],
            [
              120.616347,
              13.9678764
            ],
            [
              120.616219,
              13.9679034
            ],
            [
              120.6161533,
              13.9679067
            ],
            [
              120.6160929,
              13.9679015
            ],
            [
              120.6159575,
              13.9678416
            ],
            [
              120.6159152,
              13.9678351
            ],
            [
              120.6158689,
              13.9678371
            ],
            [
              120.6156684,
              13.9678683
            ],
            [
              120.6155102,
              13.9678859
            ],
            [
              120.6154659,
              13.9678774
            ],
            [
              120.6154217,
              13.9678553
            ],
            [
              120.6153989,
              13.9678354
            ],
            [
              120.6153878,
              13.9678032
            ],
            [
              120.6154063,
              13.9677125
            ],
            [
              120.6154019,
              13.9676939
            ],
            [
              120.6153838,
              13.9676835
            ],
            [
              120.6153563,
              13.9676806
            ],
            [
              120.6152027,
              13.9677574
            ],
            [
              120.6151763,
              13.9677606
            ],
            [
              120.6151558,
              13.9677593
            ],
            [
              120.6150619,
              13.9677297
            ],
            [
              120.6150375,
              13.9677281
            ],
            [
              120.614727,
              13.9677785
            ],
            [
              120.6145862,
              13.9677603
            ],
            [
              120.6144212,
              13.9676853
            ],
            [
              120.614194,
              13.9675436
            ],
            [
              120.6139156,
              13.9674571
            ],
            [
              120.6134902,
              13.9677332
            ],
            [
              120.613025,
              13.9680123
            ],
            [
              120.612627,
              13.9681515
            ],
            [
              120.61214,
              13.9683446
            ],
            [
              120.6118054,
              13.9684898
            ],
            [
              120.6117631,
              13.968508
            ],
            [
              120.6117249,
              13.968536
            ],
            [
              120.6116418,
              13.9686778
            ],
            [
              120.6116458,
              13.9687045
            ],
            [
              120.6116599,
              13.9687292
            ],
            [
              120.6118128,
              13.9689004
            ],
            [
              120.6118973,
              13.9690292
            ],
            [
              120.6119415,
              13.969158
            ],
            [
              120.6119442,
              13.9693155
            ],
            [
              120.6119107,
              13.9695641
            ],
            [
              120.6118755,
              13.9696631
            ],
            [
              120.611792,
              13.969786
            ],
            [
              120.6116933,
              13.9699707
            ],
            [
              120.6116653,
              13.9699984
            ],
            [
              120.6116301,
              13.9700265
            ],
            [
              120.6114399,
              13.9701315
            ],
            [
              120.6113724,
              13.9701875
            ],
            [
              120.6112761,
              13.9702739
            ],
            [
              120.6111342,
              13.9704335
            ],
            [
              120.610937,
              13.9707159
            ],
            [
              120.6107976,
              13.970859
            ],
            [
              120.6106384,
              13.9710421
            ],
            [
              120.6103184,
              13.9713275
            ],
            [
              120.6099755,
              13.9715436
            ],
            [
              120.609671,
              13.9717076
            ],
            [
              120.6094484,
              13.9718429
            ],
            [
              120.6093197,
              13.9719509
            ],
            [
              120.609148,
              13.9721123
            ],
            [
              120.6090769,
              13.9722034
            ],
            [
              120.6089582,
              13.9723622
            ],
            [
              120.6089405,
              13.9723853
            ],
            [
              120.6089163,
              13.9724009
            ],
            [
              120.6087014,
              13.9724624
            ],
            [
              120.6086089,
              13.9725392
            ],
            [
              120.6085311,
              13.9726355
            ],
            [
              120.6084198,
              13.9728788
            ],
            [
              120.6083514,
              13.9730819
            ],
            [
              120.6083071,
              13.9733161
            ],
            [
              120.6082562,
              13.9736701
            ],
            [
              120.6081623,
              13.9740735
            ],
            [
              120.6080013,
              13.9744692
            ],
            [
              120.6077278,
              13.9750106
            ],
            [
              120.6075883,
              13.9753776
            ],
            [
              120.6073737,
              13.9759346
            ],
            [
              120.6072342,
              13.9763042
            ],
            [
              120.6071296,
              13.9764681
            ],
            [
              120.6069955,
              13.9765983
            ],
            [
              120.6067649,
              13.9767649
            ],
            [
              120.6063384,
              13.9769731
            ],
            [
              120.6057107,
              13.9771969
            ],
            [
              120.605177,
              13.9773713
            ],
            [
              120.604782,
              13.9775073
            ],
            [
              120.6047257,
              13.977547
            ],
            [
              120.6046955,
              13.9775938
            ],
            [
              120.6046821,
              13.9776719
            ],
            [
              120.6047022,
              13.9780923
            ],
            [
              120.6047022,
              13.9783291
            ],
            [
              120.6046352,
              13.97854
            ],
            [
              120.6043348,
              13.9789824
            ],
            [
              120.6040806,
              13.9792407
            ],
            [
              120.6040585,
              13.9792427
            ],
            [
              120.604033,
              13.9792284
            ],
            [
              120.604023,
              13.9792069
            ],
            [
              120.6039961,
              13.9789161
            ],
            [
              120.6039747,
              13.978877
            ],
            [
              120.6039224,
              13.978838
            ],
            [
              120.6036897,
              13.9787247
            ],
            [
              120.6032565,
              13.9784528
            ],
            [
              120.6031452,
              13.9783552
            ],
            [
              120.6030634,
              13.9782393
            ],
            [
              120.6029963,
              13.9781118
            ],
            [
              120.6029655,
              13.9779166
            ],
            [
              120.6029266,
              13.9776108
            ],
            [
              120.6028783,
              13.9770225
            ],
            [
              120.602814,
              13.976174
            ],
            [
              120.6028891,
              13.9753099
            ],
            [
              120.6029105,
              13.9746019
            ],
            [
              120.6027777,
              13.9741529
            ],
            [
              120.6027777,
              13.9741061
            ],
            [
              120.6027992,
              13.974067
            ],
            [
              120.6029977,
              13.9736896
            ],
            [
              120.6030983,
              13.9735087
            ],
            [
              120.6032445,
              13.9733161
            ],
            [
              120.6032954,
              13.9732693
            ],
            [
              120.6033665,
              13.9732432
            ],
            [
              120.6036615,
              13.9731508
            ],
            [
              120.6037031,
              13.9731105
            ],
            [
              120.6037259,
              13.9730623
            ],
            [
              120.6037487,
              13.972327
            ],
            [
              120.6037688,
              13.9722242
            ],
            [
              120.6038144,
              13.9721565
            ],
            [
              120.6038533,
              13.9721149
            ],
            [
              120.6039177,
              13.9720902
            ],
            [
              120.6040478,
              13.972042
            ],
            [
              120.6040739,
              13.9720095
            ],
            [
              120.604092,
              13.9719574
            ],
            [
              120.6040531,
              13.9716139
            ],
            [
              120.6040612,
              13.9713093
            ],
            [
              120.604094,
              13.9710753
            ],
            [
              120.6041685,
              13.9707679
            ],
            [
              120.6042382,
              13.9704113
            ],
            [
              120.6043246,
              13.9700911
            ],
            [
              120.6043991,
              13.9698361
            ],
            [
              120.6044894,
              13.9695514
            ],
            [
              120.6045842,
              13.9692765
            ],
            [
              120.6047398,
              13.968834
            ],
            [
              120.6048337,
              13.9684696
            ],
            [
              120.6049088,
              13.9679308
            ],
            [
              120.6049329,
              13.9675794
            ],
            [
              120.6049061,
              13.9671603
            ],
            [
              120.6048605,
              13.9668714
            ],
            [
              120.6047961,
              13.9665525
            ],
            [
              120.6047458,
              13.9662942
            ],
            [
              120.6047519,
              13.9662545
            ],
            [
              120.6047713,
              13.9662103
            ],
            [
              120.6048021,
              13.9661784
            ],
            [
              120.6048538,
              13.9661478
            ],
            [
              120.6049,
              13.9661387
            ],
            [
              120.6049617,
              13.9661484
            ],
            [
              120.6051958,
              13.9662415
            ],
            [
              120.6052709,
              13.9662558
            ],
            [
              120.6053647,
              13.9662623
            ],
            [
              120.6054546,
              13.9662363
            ],
            [
              120.6057081,
              13.9660202
            ],
            [
              120.6059334,
              13.9657886
            ],
            [
              120.6060244,
              13.9656585
            ],
            [
              120.6061922,
              13.9652771
            ],
            [
              120.606278,
              13.9651522
            ],
            [
              120.6063706,
              13.9650676
            ],
            [
              120.6064765,
              13.965022
            ],
            [
              120.606624,
              13.9650103
            ],
            [
              120.6068212,
              13.9650402
            ],
            [
              120.6069794,
              13.9650546
            ],
            [
              120.6071216,
              13.9650389
            ],
            [
              120.6074233,
              13.9649596
            ],
            [
              120.6076688,
              13.9649101
            ],
            [
              120.6079289,
              13.9648047
            ],
            [
              120.6081516,
              13.9646563
            ],
            [
              120.6084305,
              13.9643023
            ],
            [
              120.6086665,
              13.9640264
            ],
            [
              120.6087886,
              13.9638989
            ],
            [
              120.6091145,
              13.9637323
            ],
            [
              120.6091721,
              13.9636841
            ],
            [
              120.6093371,
              13.963511
            ],
            [
              120.6096402,
              13.9632377
            ],
            [
              120.609844,
              13.9630789
            ],
            [
              120.6100827,
              13.9629722
            ],
            [
              120.6107104,
              13.9627874
            ],
            [
              120.6116009,
              13.9625115
            ],
            [
              120.6122634,
              13.9622408
            ],
            [
              120.6125262,
              13.9620612
            ],
            [
              120.6126335,
              13.9620169
            ],
            [
              120.6127582,
              13.9620078
            ],
            [
              120.6133604,
              13.9620091
            ],
            [
              120.6135562,
              13.9619831
            ],
            [
              120.6136796,
              13.9619518
            ],
            [
              120.6143877,
              13.9616655
            ],
            [
              120.6150073,
              13.9613792
            ],
            [
              120.6158227,
              13.9609367
            ],
            [
              120.6160828,
              13.9606868
            ],
            [
              120.6162652,
              13.9602885
            ],
            [
              120.6163833,
              13.9597966
            ],
            [
              120.6164852,
              13.9593515
            ],
            [
              120.6166488,
              13.9589038
            ],
            [
              120.6167802,
              13.9584691
            ],
            [
              120.616834,
              13.9582567
            ],
            [
              120.6223112,
              13.9554543
            ],
            [
              120.6277059,
              13.9541128
            ],
            [
              120.6250763,
              13.9688067
            ]
          ]
        ]
      }
    },
    {
      "type": "Feature",
      "properties": {
        "admin_level": "10",
        "border_type": "barangay",
        "boundary": "administrative",
        "name": "Matabungkay",
        "old_ref": "041013015",
        "population": "5270",
        "population:date": "2024-07-01",
        "ref": "0401013015",
        "type": "boundary",
        "osm_id": 17369237
      },
      "geometry": {
        "type": "Polygon",
        "coordinates": [
          [
            [
              120.616834,
              13.9582567
            ],
            [
              120.6223112,
              13.9554543
            ],
            [
              120.6277059,
              13.9541128
            ],
            [
              120.6293602,
              13.9395238
            ],
            [
              120.6296843,
              13.9390561
            ],
            [
              120.6301585,
              13.9387271
            ],
            [
              120.6305926,
              13.9385085
            ],
            [
              120.6305733,
              13.9384252
            ],
            [
              120.630532,
              13.9382684
            ],
            [
              120.6305808,
              13.9381115
            ],
            [
              120.6307161,
              13.9379656
            ],
            [
              120.6307124,
              13.9378999
            ],
            [
              120.6305996,
              13.9378306
            ],
            [
              120.6303741,
              13.9378635
            ],
            [
              120.6301824,
              13.9378598
            ],
            [
              120.6300359,
              13.9377285
            ],
            [
              120.6298592,
              13.9376519
            ],
            [
              120.6296976,
              13.9376446
            ],
            [
              120.6293857,
              13.9377285
            ],
            [
              120.6291752,
              13.9377176
            ],
            [
              120.628961,
              13.9377686
            ],
            [
              120.6287242,
              13.9377613
            ],
            [
              120.6285551,
              13.9377613
            ],
            [
              120.6284235,
              13.9378124
            ],
            [
              120.6283446,
              13.9379182
            ],
            [
              120.6282619,
              13.9380167
            ],
            [
              120.6281454,
              13.9380531
            ],
            [
              120.6280402,
              13.9380094
            ],
            [
              120.6278936,
              13.9379948
            ],
            [
              120.6277433,
              13.9380313
            ],
            [
              120.6276004,
              13.938086
            ],
            [
              120.6273862,
              13.9380969
            ],
            [
              120.627187,
              13.9380458
            ],
            [
              120.6269578,
              13.9379765
            ],
            [
              120.6266834,
              13.9379765
            ],
            [
              120.6263827,
              13.9379328
            ],
            [
              120.6260031,
              13.9379072
            ],
            [
              120.6256085,
              13.937827
            ],
            [
              120.6252251,
              13.9377723
            ],
            [
              120.624808,
              13.9377321
            ],
            [
              120.6244321,
              13.9376409
            ],
            [
              120.6240064,
              13.9374956
            ],
            [
              120.6239221,
              13.937486
            ],
            [
              120.6237932,
              13.9374841
            ],
            [
              120.6236998,
              13.9376021
            ],
            [
              120.6236278,
              13.9376884
            ],
            [
              120.6235564,
              13.9377869
            ],
            [
              120.6234888,
              13.937889
            ],
            [
              120.6233497,
              13.9379729
            ],
            [
              120.6232219,
              13.9380896
            ],
            [
              120.6231693,
              13.9382209
            ],
            [
              120.6231017,
              13.9383231
            ],
            [
              120.6229589,
              13.9383851
            ],
            [
              120.6228311,
              13.9383741
            ],
            [
              120.6226018,
              13.9383121
            ],
            [
              120.6223876,
              13.93821
            ],
            [
              120.6223199,
              13.9381188
            ],
            [
              120.6222147,
              13.9381006
            ],
            [
              120.6220644,
              13.9380787
            ],
            [
              120.6219103,
              13.9380276
            ],
            [
              120.6218313,
              13.9379255
            ],
            [
              120.6217825,
              13.9378197
            ],
            [
              120.6217449,
              13.9375899
            ],
            [
              120.6217073,
              13.9374184
            ],
            [
              120.6216322,
              13.9373163
            ],
            [
              120.6215833,
              13.937185
            ],
            [
              120.6215758,
              13.9370318
            ],
            [
              120.6216209,
              13.9367144
            ],
            [
              120.6217261,
              13.9362548
            ],
            [
              120.6217562,
              13.9360469
            ],
            [
              120.6217261,
              13.9358572
            ],
            [
              120.6216998,
              13.9356967
            ],
            [
              120.6216359,
              13.9355472
            ],
            [
              120.6214856,
              13.9354377
            ],
            [
              120.6213653,
              13.9353392
            ],
            [
              120.6211924,
              13.9352262
            ],
            [
              120.620997,
              13.9351678
            ],
            [
              120.6208166,
              13.9351021
            ],
            [
              120.6207076,
              13.935124
            ],
            [
              120.6205497,
              13.9352225
            ],
            [
              120.6203618,
              13.9353246
            ],
            [
              120.6201664,
              13.9354414
            ],
            [
              120.6199973,
              13.9356019
            ],
            [
              120.6198883,
              13.9357405
            ],
            [
              120.6198056,
              13.9358098
            ],
            [
              120.619659,
              13.935839
            ],
            [
              120.6195012,
              13.9358536
            ],
            [
              120.6193809,
              13.9358171
            ],
            [
              120.6192945,
              13.9356967
            ],
            [
              120.6192456,
              13.935569
            ],
            [
              120.6192009,
              13.9354622
            ],
            [
              120.6191667,
              13.9353465
            ],
            [
              120.6191264,
              13.9352472
            ],
            [
              120.6190937,
              13.935182
            ],
            [
              120.6190121,
              13.93508
            ],
            [
              120.6188404,
              13.9349535
            ],
            [
              120.6186328,
              13.9348797
            ],
            [
              120.6184247,
              13.934848
            ],
            [
              120.6182571,
              13.9348614
            ],
            [
              120.6180058,
              13.9347363
            ],
            [
              120.6179956,
              13.934598
            ],
            [
              120.618073,
              13.9343762
            ],
            [
              120.6180279,
              13.9341282
            ],
            [
              120.6179302,
              13.9338801
            ],
            [
              120.6177235,
              13.9336065
            ],
            [
              120.6175468,
              13.9334242
            ],
            [
              120.6174115,
              13.9333728
            ],
            [
              120.6173676,
              13.9334307
            ],
            [
              120.6169986,
              13.9334668
            ],
            [
              120.6170928,
              13.933809
            ],
            [
              120.6171085,
              13.9341076
            ],
            [
              120.6170149,
              13.9341051
            ],
            [
              120.6169793,
              13.9343274
            ],
            [
              120.6169744,
              13.9345073
            ],
            [
              120.6170125,
              13.9345995
            ],
            [
              120.6170251,
              13.9347899
            ],
            [
              120.6169385,
              13.9351469
            ],
            [
              120.6168827,
              13.9351773
            ],
            [
              120.6170055,
              13.9354479
            ],
            [
              120.6172355,
              13.9353807
            ],
            [
              120.6172889,
              13.9357271
            ],
            [
              120.6168616,
              13.9358195
            ],
            [
              120.6169438,
              13.9362513
            ],
            [
              120.6167313,
              13.9362822
            ],
            [
              120.6167316,
              13.9363018
            ],
            [
              120.6166897,
              13.936306
            ],
            [
              120.6166924,
              13.9364114
            ],
            [
              120.6170196,
              13.9363919
            ],
            [
              120.617037,
              13.9364713
            ],
            [
              120.6172105,
              13.9364406
            ],
            [
              120.6172523,
              13.9367733
            ],
            [
              120.6172825,
              13.9369789
            ],
            [
              120.6173589,
              13.9369692
            ],
            [
              120.6175071,
              13.9371195
            ],
            [
              120.6175165,
              13.9371911
            ],
            [
              120.6175031,
              13.9372614
            ],
            [
              120.6173784,
              13.9375634
            ],
            [
              120.6172228,
              13.9377768
            ],
            [
              120.6169787,
              13.9380476
            ],
            [
              120.6166635,
              13.9383118
            ],
            [
              120.6165328,
              13.9384146
            ],
            [
              120.6164905,
              13.9384328
            ],
            [
              120.6164235,
              13.9384276
            ],
            [
              120.6162545,
              13.938399
            ],
            [
              120.6161821,
              13.9384036
            ],
            [
              120.6161077,
              13.9384205
            ],
            [
              120.6160419,
              13.9384433
            ],
            [
              120.6159789,
              13.9384927
            ],
            [
              120.6159132,
              13.9385708
            ],
            [
              120.6158408,
              13.9386151
            ],
            [
              120.6157114,
              13.9386515
            ],
            [
              120.6155705,
              13.9386528
            ],
            [
              120.6154405,
              13.9386359
            ],
            [
              120.6151327,
              13.9385083
            ],
            [
              120.6150468,
              13.9384777
            ],
            [
              120.6149523,
              13.9384654
            ],
            [
              120.6146452,
              13.9385057
            ],
            [
              120.6145875,
              13.9384888
            ],
            [
              120.61455,
              13.9384485
            ],
            [
              120.6145325,
              13.9383092
            ],
            [
              120.6144735,
              13.9382714
            ],
            [
              120.6144118,
              13.9382662
            ],
            [
              120.6141101,
              13.9383248
            ],
            [
              120.613925,
              13.9383587
            ],
            [
              120.613685,
              13.9383977
            ],
            [
              120.6136179,
              13.9384172
            ],
            [
              120.6132853,
              13.9386515
            ],
            [
              120.6129473,
              13.9389847
            ],
            [
              120.6124645,
              13.9393804
            ],
            [
              120.612309,
              13.9395392
            ],
            [
              120.6122473,
              13.939685
            ],
            [
              120.61225,
              13.9398724
            ],
            [
              120.612435,
              13.9403618
            ],
            [
              120.6125611,
              13.9406482
            ],
            [
              120.6126469,
              13.9408278
            ],
            [
              120.6127006,
              13.9410569
            ],
            [
              120.6126899,
              13.9413484
            ],
            [
              120.6126375,
              13.9418912
            ],
            [
              120.6126174,
              13.9421229
            ],
            [
              120.6125886,
              13.9423897
            ],
            [
              120.6125692,
              13.9425355
            ],
            [
              120.6125671,
              13.9425758
            ],
            [
              120.6125755,
              13.9426182
            ],
            [
              120.6126456,
              13.9427828
            ],
            [
              120.6128347,
              13.9431108
            ],
            [
              120.6129795,
              13.9433737
            ],
            [
              120.6131291,
              13.9436978
            ],
            [
              120.6132196,
              13.9439256
            ],
            [
              120.6133014,
              13.9442679
            ],
            [
              120.6133617,
              13.9443369
            ],
            [
              120.6134677,
              13.9443733
            ],
            [
              120.6135897,
              13.9443629
            ],
            [
              120.6138821,
              13.94432
            ],
            [
              120.6139639,
              13.9443434
            ],
            [
              120.6140229,
              13.9443864
            ],
            [
              120.6140926,
              13.9446272
            ],
            [
              120.6140752,
              13.9446896
            ],
            [
              120.614039,
              13.9447248
            ],
            [
              120.6138077,
              13.9448914
            ],
            [
              120.6137983,
              13.9449194
            ],
            [
              120.6137989,
              13.9449747
            ],
            [
              120.6138204,
              13.9451361
            ],
            [
              120.6139022,
              13.9453222
            ],
            [
              120.6140792,
              13.9455864
            ],
            [
              120.6141691,
              13.9457309
            ],
            [
              120.6141879,
              13.9457934
            ],
            [
              120.6141342,
              13.9459984
            ],
            [
              120.6141329,
              13.9460426
            ],
            [
              120.614153,
              13.9460784
            ],
            [
              120.6141865,
              13.946107
            ],
            [
              120.6144065,
              13.9461435
            ],
            [
              120.6144896,
              13.9461708
            ],
            [
              120.614562,
              13.9462151
            ],
            [
              120.614617,
              13.9462867
            ],
            [
              120.614782,
              13.9466433
            ],
            [
              120.6150945,
              13.9470884
            ],
            [
              120.6149791,
              13.9472082
            ],
            [
              120.6155544,
              13.9478746
            ],
            [
              120.6161419,
              13.9484238
            ],
            [
              120.6165937,
              13.948851
            ],
            [
              120.6168137,
              13.949059
            ],
            [
              120.617145,
              13.9494247
            ],
            [
              120.617609,
              13.9499141
            ],
            [
              120.6180194,
              13.9503918
            ],
            [
              120.6184459,
              13.9509202
            ],
            [
              120.6186551,
              13.9512118
            ],
            [
              120.6187972,
              13.9515371
            ],
            [
              120.6189179,
              13.9521593
            ],
            [
              120.6188911,
              13.953073
            ],
            [
              120.6188455,
              13.9538226
            ],
            [
              120.6187731,
              13.9543823
            ],
            [
              120.6186926,
              13.9547233
            ],
            [
              120.6185853,
              13.9549836
            ],
            [
              120.6184861,
              13.9551944
            ],
            [
              120.6183091,
              13.9555042
            ],
            [
              120.6177217,
              13.9561836
            ],
            [
              120.6175393,
              13.9564335
            ],
            [
              120.6172737,
              13.9569541
            ],
            [
              120.6171048,
              13.9573211
            ],
            [
              120.6169841,
              13.9576361
            ],
            [
              120.6168956,
              13.9580135
            ],
            [
              120.616834,
              13.9582567
            ]
          ]
        ]
      }
    },
    {
      "type": "Feature",
      "properties": {
        "admin_level": "10",
        "border_type": "barangay",
        "boundary": "administrative",
        "name": "Balibago",
        "old_ref": "041013003",
        "population": "4085",
        "population:date": "2024-07-01",
        "ref": "0401013003",
        "type": "boundary",
        "osm_id": 17369238
      },
      "geometry": {
        "type": "Polygon",
        "coordinates": [
          [
            [
              120.6734594,
              13.9262484
            ],
            [
              120.6722222,
              13.9259722
            ],
            [
              120.6707621,
              13.9261509
            ],
            [
              120.6691524,
              13.9262075
            ],
            [
              120.6680324,
              13.9259923
            ],
            [
              120.6671341,
              13.9258564
            ],
            [
              120.6662124,
              13.9261622
            ],
            [
              120.662479,
              13.9277135
            ],
            [
              120.657964,
              13.9278607
            ],
            [
              120.6570307,
              13.9285515
            ],
            [
              120.655829,
              13.9288686
            ],
            [
              120.6549199,
              13.9286868
            ],
            [
              120.6540046,
              13.9282298
            ],
            [
              120.6532949,
              13.9279787
            ],
            [
              120.6525919,
              13.9278628
            ],
            [
              120.6519286,
              13.9279401
            ],
            [
              120.6513317,
              13.9281203
            ],
            [
              120.6510597,
              13.9284036
            ],
            [
              120.6507082,
              13.9288993
            ],
            [
              120.6502041,
              13.9292791
            ],
            [
              120.6496536,
              13.929543
            ],
            [
              120.6486985,
              13.929807
            ],
            [
              120.6477899,
              13.9299808
            ],
            [
              120.6468149,
              13.9301739
            ],
            [
              120.6460323,
              13.9304765
            ],
            [
              120.6452629,
              13.9308627
            ],
            [
              120.6445399,
              13.931294
            ],
            [
              120.6438899,
              13.9313777
            ],
            [
              120.6433859,
              13.931294
            ],
            [
              120.6430741,
              13.9311524
            ],
            [
              120.6426497,
              13.931043
            ],
            [
              120.6422981,
              13.9309142
            ],
            [
              120.6418206,
              13.9308885
            ],
            [
              120.6414094,
              13.9309593
            ],
            [
              120.6409517,
              13.9311202
            ],
            [
              120.6399966,
              13.931661
            ],
            [
              120.6382264,
              13.9318002
            ],
            [
              120.6380287,
              13.9317279
            ],
            [
              120.6378593,
              13.9316142
            ],
            [
              120.6377317,
              13.9315626
            ],
            [
              120.6375882,
              13.9316193
            ],
            [
              120.6372799,
              13.9317277
            ],
            [
              120.637163,
              13.9317844
            ],
            [
              120.6371524,
              13.9319289
            ],
            [
              120.6372799,
              13.9321094
            ],
            [
              120.6373915,
              13.9322848
            ],
            [
              120.6373915,
              13.932486
            ],
            [
              120.6372905,
              13.9325995
            ],
            [
              120.6371417,
              13.9326201
            ],
            [
              120.6368707,
              13.932615
            ],
            [
              120.6365411,
              13.932584
            ],
            [
              120.6361797,
              13.9326356
            ],
            [
              120.6359352,
              13.9327491
            ],
            [
              120.6358023,
              13.932909
            ],
            [
              120.635595,
              13.9330999
            ],
            [
              120.6353186,
              13.933234
            ],
            [
              120.6350369,
              13.9332547
            ],
            [
              120.6347712,
              13.9332495
            ],
            [
              120.6345267,
              13.9331618
            ],
            [
              120.6343141,
              13.9330225
            ],
            [
              120.6342981,
              13.932811
            ],
            [
              120.6343141,
              13.9325892
            ],
            [
              120.6343779,
              13.9323983
            ],
            [
              120.6343725,
              13.9322539
            ],
            [
              120.6342769,
              13.9321868
            ],
            [
              120.6341068,
              13.9322384
            ],
            [
              120.6338942,
              13.9323364
            ],
            [
              120.6337241,
              13.9323674
            ],
            [
              120.6335168,
              13.9323364
            ],
            [
              120.6333574,
              13.9323519
            ],
            [
              120.6333042,
              13.9324654
            ],
            [
              120.6333148,
              13.9327027
            ],
            [
              120.633267,
              13.9328987
            ],
            [
              120.6331713,
              13.9330793
            ],
            [
              120.63298,
              13.9331412
            ],
            [
              120.6327567,
              13.9331928
            ],
            [
              120.632491,
              13.9332082
            ],
            [
              120.6322093,
              13.9331412
            ],
            [
              120.6320286,
              13.9331412
            ],
            [
              120.6318266,
              13.9332237
            ],
            [
              120.6317469,
              13.9333785
            ],
            [
              120.6317734,
              13.9336003
            ],
            [
              120.6318106,
              13.9339047
            ],
            [
              120.6317522,
              13.9340852
            ],
            [
              120.6317469,
              13.9342658
            ],
            [
              120.6317681,
              13.9345701
            ],
            [
              120.6317628,
              13.9346682
            ],
            [
              120.6316193,
              13.9347301
            ],
            [
              120.6314277,
              13.9347717
            ],
            [
              120.6312924,
              13.934717
            ],
            [
              120.6310481,
              13.9345711
            ],
            [
              120.6308226,
              13.9345747
            ],
            [
              120.6306573,
              13.9346623
            ],
            [
              120.6305257,
              13.9347644
            ],
            [
              120.6304017,
              13.9347863
            ],
            [
              120.6302814,
              13.9347243
            ],
            [
              120.6301461,
              13.934655
            ],
            [
              120.6299507,
              13.9346623
            ],
            [
              120.6297665,
              13.9346623
            ],
            [
              120.6296726,
              13.9346148
            ],
            [
              120.6296613,
              13.9345018
            ],
            [
              120.6297553,
              13.9343376
            ],
            [
              120.6297214,
              13.9342063
            ],
            [
              120.6295861,
              13.9341187
            ],
            [
              120.6294396,
              13.9340896
            ],
            [
              120.6292554,
              13.9340275
            ],
            [
              120.6290299,
              13.9339145
            ],
            [
              120.6287029,
              13.933754
            ],
            [
              120.6282933,
              13.9336628
            ],
            [
              120.6280151,
              13.9336628
            ],
            [
              120.6277182,
              13.9337102
            ],
            [
              120.6275115,
              13.9337321
            ],
            [
              120.6272672,
              13.9336847
            ],
            [
              120.6270455,
              13.9336992
            ],
            [
              120.6268613,
              13.9337503
            ],
            [
              120.626711,
              13.9338196
            ],
            [
              120.6265381,
              13.9338342
            ],
            [
              120.6263088,
              13.9337722
            ],
            [
              120.6261735,
              13.9337467
            ],
            [
              120.6260007,
              13.9337904
            ],
            [
              120.6258578,
              13.9339984
            ],
            [
              120.6257526,
              13.9340823
            ],
            [
              120.6255722,
              13.9341114
            ],
            [
              120.6253392,
              13.9341224
            ],
            [
              120.6251625,
              13.934126
            ],
            [
              120.6249258,
              13.9341808
            ],
            [
              120.6248356,
              13.9341698
            ],
            [
              120.6247303,
              13.9342756
            ],
            [
              120.6246777,
              13.9344288
            ],
            [
              120.6247228,
              13.934582
            ],
            [
              120.6248055,
              13.9348045
            ],
            [
              120.6248205,
              13.934965
            ],
            [
              120.624704,
              13.9350635
            ],
            [
              120.6244936,
              13.9352131
            ],
            [
              120.6243658,
              13.9353845
            ],
            [
              120.6243244,
              13.9355414
            ],
            [
              120.6243545,
              13.9357019
            ],
            [
              120.6242831,
              13.9357675
            ],
            [
              120.6241553,
              13.9358916
            ],
            [
              120.6240726,
              13.9359572
            ],
            [
              120.6239824,
              13.9360375
            ],
            [
              120.6239561,
              13.9361834
            ],
            [
              120.6239899,
              13.9362928
            ],
            [
              120.6239824,
              13.936446
            ],
            [
              120.623911,
              13.9365372
            ],
            [
              120.6237231,
              13.9366466
            ],
            [
              120.6235991,
              13.9367342
            ],
            [
              120.6235577,
              13.9368983
            ],
            [
              120.6236028,
              13.9370844
            ],
            [
              120.6236742,
              13.9372412
            ],
            [
              120.6237704,
              13.9373807
            ],
            [
              120.623789,
              13.9374262
            ],
            [
              120.6237932,
              13.9374841
            ],
            [
              120.6239221,
              13.937486
            ],
            [
              120.6240064,
              13.9374956
            ],
            [
              120.6244321,
              13.9376409
            ],
            [
              120.624808,
              13.9377321
            ],
            [
              120.6252251,
              13.9377723
            ],
            [
              120.6256085,
              13.937827
            ],
            [
              120.6260031,
              13.9379072
            ],
            [
              120.6263827,
              13.9379328
            ],
            [
              120.6266834,
              13.9379765
            ],
            [
              120.6269578,
              13.9379765
            ],
            [
              120.627187,
              13.9380458
            ],
            [
              120.6273862,
              13.9380969
            ],
            [
              120.6276004,
              13.938086
            ],
            [
              120.6277433,
              13.9380313
            ],
            [
              120.6278936,
              13.9379948
            ],
            [
              120.6280402,
              13.9380094
            ],
            [
              120.6281454,
              13.9380531
            ],
            [
              120.6282619,
              13.9380167
            ],
            [
              120.6283446,
              13.9379182
            ],
            [
              120.6284235,
              13.9378124
            ],
            [
              120.6285551,
              13.9377613
            ],
            [
              120.6287242,
              13.9377613
            ],
            [
              120.628961,
              13.9377686
            ],
            [
              120.6291752,
              13.9377176
            ],
            [
              120.6293857,
              13.9377285
            ],
            [
              120.6296976,
              13.9376446
            ],
            [
              120.6298592,
              13.9376519
            ],
            [
              120.6300359,
              13.9377285
            ],
            [
              120.6301824,
              13.9378598
            ],
            [
              120.6303741,
              13.9378635
            ],
            [
              120.6305996,
              13.9378306
            ],
            [
              120.6307124,
              13.9378999
            ],
            [
              120.6307161,
              13.9379656
            ],
            [
              120.6305808,
              13.9381115
            ],
            [
              120.630532,
              13.9382684
            ],
            [
              120.6305733,
              13.9384252
            ],
            [
              120.6305926,
              13.9385085
            ],
            [
              120.6301585,
              13.9387271
            ],
            [
              120.6296843,
              13.9390561
            ],
            [
              120.6293602,
              13.9395238
            ],
            [
              120.6277059,
              13.9541128
            ],
            [
              120.6526977,
              13.9505089
            ],
            [
              120.6533897,
              13.945261
            ],
            [
              120.6546879,
              13.9416166
            ],
            [
              120.6552029,
              13.9398256
            ],
            [
              120.6554818,
              13.9400494
            ],
            [
              120.6560169,
              13.9394182
            ],
            [
              120.6581318,
              13.9391696
            ],
            [
              120.6648266,
              13.9350044
            ],
            [
              120.6734594,
              13.9262484
            ]
          ]
        ]
      }
    },
    {
      "type": "Feature",
      "properties": {
        "admin_level": "10",
        "border_type": "barangay",
        "boundary": "administrative",
        "name": "San Diego",
        "old_ref": "041013023",
        "population": "4735",
        "population:date": "2024-07-01",
        "ref": "0401013023",
        "type": "boundary",
        "osm_id": 17369239
      },
      "geometry": {
        "type": "Polygon",
        "coordinates": [
          [
            [
              120.6218791,
              14.0390076
            ],
            [
              120.6217262,
              14.0385392
            ],
            [
              120.6214741,
              14.0379511
            ],
            [
              120.6211388,
              14.0372537
            ],
            [
              120.6208196,
              14.0367671
            ],
            [
              120.6203932,
              14.0362415
            ],
            [
              120.6197977,
              14.035591
            ],
            [
              120.6191701,
              14.0349196
            ],
            [
              120.6183788,
              14.0340961
            ],
            [
              120.6182903,
              14.0340414
            ],
            [
              120.6181964,
              14.034005
            ],
            [
              120.6179845,
              14.0339581
            ],
            [
              120.6177632,
              14.0338593
            ],
            [
              120.6175674,
              14.0337422
            ],
            [
              120.6173851,
              14.0336329
            ],
            [
              120.6171839,
              14.0334937
            ],
            [
              120.616972,
              14.0333818
            ],
            [
              120.6168379,
              14.0333362
            ],
            [
              120.6166247,
              14.0332868
            ],
            [
              120.6164262,
              14.0332256
            ],
            [
              120.6162639,
              14.0331788
            ],
            [
              120.6161056,
              14.0331215
            ],
            [
              120.6158468,
              14.0330019
            ],
            [
              120.6156497,
              14.0329511
            ],
            [
              120.6154673,
              14.032942
            ],
            [
              120.6152634,
              14.0329667
            ],
            [
              120.6150998,
              14.0330409
            ],
            [
              120.6149282,
              14.0331567
            ],
            [
              120.61479,
              14.0332881
            ],
            [
              120.6147042,
              14.0333167
            ],
            [
              120.6146237,
              14.0333076
            ],
            [
              120.6145392,
              14.0332504
            ],
            [
              120.6144749,
              14.0331463
            ],
            [
              120.6144132,
              14.0330058
            ],
            [
              120.6143287,
              14.0328327
            ],
            [
              120.6143059,
              14.0326961
            ],
            [
              120.6143206,
              14.0325842
            ],
            [
              120.614377,
              14.0324047
            ],
            [
              120.6144534,
              14.0321301
            ],
            [
              120.6144568,
              14.032002
            ],
            [
              120.6144695,
              14.0318699
            ],
            [
              120.6144802,
              14.0317788
            ],
            [
              120.6145097,
              14.0316591
            ],
            [
              120.6145285,
              14.0315726
            ],
            [
              120.6145734,
              14.03141
            ],
            [
              120.6146123,
              14.0313599
            ],
            [
              120.6146733,
              14.0313423
            ],
            [
              120.6147565,
              14.0313521
            ],
            [
              120.6148772,
              14.0313898
            ],
            [
              120.6149101,
              14.0313944
            ],
            [
              120.6149523,
              14.0313826
            ],
            [
              120.6151494,
              14.0311868
            ],
            [
              120.6153627,
              14.0308811
            ],
            [
              120.6155357,
              14.0305766
            ],
            [
              120.6156872,
              14.0302409
            ],
            [
              120.6158133,
              14.0299612
            ],
            [
              120.6158441,
              14.029835
            ],
            [
              120.6158414,
              14.0297374
            ],
            [
              120.6157918,
              14.0296359
            ],
            [
              120.6157342,
              14.0295305
            ],
            [
              120.615714,
              14.0294564
            ],
            [
              120.6157127,
              14.0293731
            ],
            [
              120.6157583,
              14.0292313
            ],
            [
              120.6157945,
              14.0291051
            ],
            [
              120.6158008,
              14.0289949
            ],
            [
              120.6157702,
              14.028885
            ],
            [
              120.6157243,
              14.0287602
            ],
            [
              120.615712,
              14.028677
            ],
            [
              120.6157733,
              14.0285522
            ],
            [
              120.6158376,
              14.0284452
            ],
            [
              120.6159172,
              14.0283353
            ],
            [
              120.6159742,
              14.0282672
            ],
            [
              120.6160654,
              14.0282255
            ],
            [
              120.6161727,
              14.0282255
            ],
            [
              120.6163819,
              14.0282672
            ],
            [
              120.6165254,
              14.0283231
            ],
            [
              120.6167145,
              14.0283999
            ],
            [
              120.6169184,
              14.028461
            ],
            [
              120.6171209,
              14.0284949
            ],
            [
              120.617204,
              14.0284975
            ],
            [
              120.6172751,
              14.0284688
            ],
            [
              120.6175312,
              14.0281566
            ],
            [
              120.617833,
              14.0277246
            ],
            [
              120.6184767,
              14.0268789
            ],
            [
              120.6185277,
              14.0267748
            ],
            [
              120.6185438,
              14.0266499
            ],
            [
              120.618529,
              14.0265302
            ],
            [
              120.6185156,
              14.0263819
            ],
            [
              120.6185076,
              14.0262309
            ],
            [
              120.6185062,
              14.02608
            ],
            [
              120.6185062,
              14.0259473
            ],
            [
              120.6185263,
              14.025851
            ],
            [
              120.6185625,
              14.0257547
            ],
            [
              120.6186269,
              14.0256688
            ],
            [
              120.6187302,
              14.0256077
            ],
            [
              120.618871,
              14.0255556
            ],
            [
              120.6190132,
              14.0255556
            ],
            [
              120.6191245,
              14.0255791
            ],
            [
              120.6192492,
              14.0256129
            ],
            [
              120.6193618,
              14.0256285
            ],
            [
              120.6194343,
              14.025622
            ],
            [
              120.6194839,
              14.0256038
            ],
            [
              120.6195094,
              14.0255654
            ],
            [
              120.6195281,
              14.0254971
            ],
            [
              120.622524,
              14.0258386
            ],
            [
              120.62497,
              14.0264663
            ],
            [
              120.6264849,
              14.0275992
            ],
            [
              120.6275264,
              14.0287934
            ],
            [
              120.628489,
              14.0304009
            ],
            [
              120.6296013,
              14.0323784
            ],
            [
              120.6312763,
              14.0368431
            ],
            [
              120.632454,
              14.0468836
            ],
            [
              120.6314939,
              14.0555574
            ],
            [
              120.6302468,
              14.0564674
            ],
            [
              120.6292694,
              14.0570741
            ],
            [
              120.6278875,
              14.0574786
            ],
            [
              120.627146,
              14.0576808
            ],
            [
              120.6253022,
              14.0577941
            ],
            [
              120.6246708,
              14.0578524
            ],
            [
              120.624627,
              14.0575259
            ],
            [
              120.6244621,
              14.0574049
            ],
            [
              120.6244044,
              14.0573347
            ],
            [
              120.6243467,
              14.0571851
            ],
            [
              120.6243052,
              14.0569704
            ],
            [
              120.6242824,
              14.056761
            ],
            [
              120.6242689,
              14.0559023
            ],
            [
              120.6242555,
              14.0557254
            ],
            [
              120.624226,
              14.0555381
            ],
            [
              120.6240007,
              14.0546196
            ],
            [
              120.6238103,
              14.0537636
            ],
            [
              120.6236628,
              14.0531729
            ],
            [
              120.6235769,
              14.0527995
            ],
            [
              120.6235528,
              14.0526838
            ],
            [
              120.6235461,
              14.0525771
            ],
            [
              120.6235702,
              14.0523026
            ],
            [
              120.6235689,
              14.0521386
            ],
            [
              120.6235018,
              14.051604
            ],
            [
              120.6234375,
              14.0509561
            ],
            [
              120.6233302,
              14.0500376
            ],
            [
              120.6233007,
              14.0495328
            ],
            [
              120.6232578,
              14.0490436
            ],
            [
              120.6231961,
              14.0485831
            ],
            [
              120.6231236,
              14.0478753
            ],
            [
              120.62307,
              14.0470037
            ],
            [
              120.6230405,
              14.0464676
            ],
            [
              120.6229547,
              14.0457781
            ],
            [
              120.6229144,
              14.0453176
            ],
            [
              120.6228554,
              14.0449663
            ],
            [
              120.6227428,
              14.0444641
            ],
            [
              120.6226543,
              14.0438656
            ],
            [
              120.6225979,
              14.0435716
            ],
            [
              120.6225711,
              14.0432307
            ],
            [
              120.6225926,
              14.0425932
            ],
            [
              120.6225952,
              14.0422654
            ],
            [
              120.6224692,
              14.0415524
            ],
            [
              120.6223458,
              14.0409591
            ],
            [
              120.6221393,
              14.0400146
            ],
            [
              120.6220266,
              14.0394629
            ],
            [
              120.6218791,
              14.0390076
            ]
          ]
        ]
      }
    },
    {
      "type": "Feature",
      "properties": {
        "admin_level": "10",
        "alt_name": "Tres",
        "border_type": "barangay",
        "boundary": "administrative",
        "name": "Barangay 3",
        "old_ref": "041013018",
        "population": "962",
        "population:date": "2024-07-01",
        "ref": "0401013018",
        "type": "boundary",
        "osm_id": 17369240
      },
      "geometry": {
        "type": "Polygon",
        "coordinates": [
          [
            [
              120.6483896,
              14.0387392
            ],
            [
              120.650008,
              14.0388985
            ],
            [
              120.6521246,
              14.0393912
            ],
            [
              120.651688,
              14.040968
            ],
            [
              120.6514385,
              14.0421644
            ],
            [
              120.6505836,
              14.0420287
            ],
            [
              120.6497781,
              14.0420287
            ],
            [
              120.6490602,
              14.042122
            ],
            [
              120.6482342,
              14.042358
            ],
            [
              120.6483896,
              14.0387392
            ]
          ]
        ]
      }
    },
    {
      "type": "Feature",
      "properties": {
        "admin_level": "10",
        "alt_name": "Dos",
        "border_type": "barangay",
        "boundary": "administrative",
        "name": "Barangay 2",
        "old_ref": "041013017",
        "population": "537",
        "population:date": "2024-07-01",
        "ref": "0401013017",
        "type": "boundary",
        "osm_id": 17369241
      },
      "geometry": {
        "type": "Polygon",
        "coordinates": [
          [
            [
              120.6523358,
              14.0386227
            ],
            [
              120.6521246,
              14.0393912
            ],
            [
              120.650008,
              14.0388985
            ],
            [
              120.6483896,
              14.0387392
            ],
            [
              120.6484904,
              14.0363903
            ],
            [
              120.6495173,
              14.0363101
            ],
            [
              120.6495157,
              14.0368961
            ],
            [
              120.6502043,
              14.0373222
            ],
            [
              120.6510595,
              14.0372438
            ],
            [
              120.6527721,
              14.0370351
            ],
            [
              120.6523358,
              14.0386227
            ]
          ]
        ]
      }
    },
    {
      "type": "Feature",
      "properties": {
        "admin_level": "10",
        "alt_name": "Singko",
        "border_type": "barangay",
        "boundary": "administrative",
        "name": "Barangay 5",
        "old_ref": "041013020",
        "population": "1120",
        "population:date": "2024-07-01",
        "ref": "0401013020",
        "type": "boundary",
        "osm_id": 17369242
      },
      "geometry": {
        "type": "Polygon",
        "coordinates": [
          [
            [
              120.6523358,
              14.0386227
            ],
            [
              120.6530689,
              14.0388054
            ],
            [
              120.6536175,
              14.0388806
            ],
            [
              120.6547594,
              14.0391103
            ],
            [
              120.6542489,
              14.0413346
            ],
            [
              120.6525814,
              14.0428504
            ],
            [
              120.6515986,
              14.0421898
            ],
            [
              120.6514385,
              14.0421644
            ],
            [
              120.651688,
              14.040968
            ],
            [
              120.6521246,
              14.0393912
            ],
            [
              120.6523358,
              14.0386227
            ]
          ]
        ]
      }
    },
    {
      "type": "Feature",
      "properties": {
        "admin_level": "10",
        "alt_name": "Quatro",
        "border_type": "barangay",
        "boundary": "administrative",
        "name": "Barangay 4",
        "old_ref": "041013019",
        "population": "995",
        "population:date": "2024-07-01",
        "ref": "0401013019",
        "type": "boundary",
        "osm_id": 17369243
      },
      "geometry": {
        "type": "Polygon",
        "coordinates": [
          [
            [
              120.6548034,
              14.0362499
            ],
            [
              120.6547594,
              14.0391103
            ],
            [
              120.6536175,
              14.0388806
            ],
            [
              120.6530689,
              14.0388054
            ],
            [
              120.6523358,
              14.0386227
            ],
            [
              120.6527721,
              14.0370351
            ],
            [
              120.6530504,
              14.0359615
            ],
            [
              120.6535167,
              14.0359965
            ],
            [
              120.6536925,
              14.0358959
            ],
            [
              120.6538033,
              14.0331481
            ],
            [
              120.6554076,
              14.0329776
            ],
            [
              120.6548034,
              14.0362499
            ]
          ]
        ]
      }
    },
    {
      "type": "Feature",
      "properties": {
        "admin_level": "10",
        "alt_name": "Uno",
        "border_type": "barangay",
        "boundary": "administrative",
        "name": "Barangay 1",
        "old_ref": "041013016",
        "population": "1343",
        "population:date": "2024-07-01",
        "ref": "0401013016",
        "type": "boundary",
        "osm_id": 17369244
      },
      "geometry": {
        "type": "Polygon",
        "coordinates": [
          [
            [
              120.6538033,
              14.0331481
            ],
            [
              120.6504499,
              14.0335044
            ],
            [
              120.6499069,
              14.0347412
            ],
            [
              120.6495173,
              14.0363101
            ],
            [
              120.6495157,
              14.0368961
            ],
            [
              120.6502043,
              14.0373222
            ],
            [
              120.6510595,
              14.0372438
            ],
            [
              120.6527721,
              14.0370351
            ],
            [
              120.6530504,
              14.0359615
            ],
            [
              120.6535167,
              14.0359965
            ],
            [
              120.6536925,
              14.0358959
            ],
            [
              120.6538033,
              14.0331481
            ]
          ]
        ]
      }
    }
  ]
}